x,y,time
758.153,385.872,844678329847
751.436,376.645,844678360344
744.781,369.54,844678390143
739.301,364.419,844678420737
736.091,359.124,844678450633
733.625,355.059,844678480440
723.758,354.643,844678510938
714.455,354.574,844678540851
707.196,354.411,844678571446
701.676,354.306,844678601438
697.245,353.855,844678631591
699.327,355.1,844678661647
720.035,365.301,844678691905
778.483,393.186,844678722251
840.706,422.082,844678752482
887.551,445.305,844678782828
916.341,460.024,844678813096
936.451,470.046,844678843153
947.357,475.168,844678873480
955.189,479.388,844678903633
961.003,482.988,844678933910
964.41,486.467,844678964256
965.743,489.182,844678994312
965.932,490.381,844679024552
966.01,486.41,844679054714
966.641,479.919,844679084770
967.127,474.333,844679114923
967.65,468.693,844679145076
967.365,463.088,844679175335
967.729,458.099,844679205681
967.385,454.991,844679235727
967.073,452.974,844679266064
967.642,451.544,844679296323
966.45,443.924,844679326476
965.284,433.832,844679356550
964.216,424.569,844679386896
963.004,416.713,844679417146
961.562,410.477,844679447280
959.754,406.964,844679477337
959.793,405.332,844679507683
959.481,404.751,844679537738
959.255,403.808,844679568093
959.465,401.628,844679598150
959.542,400.033,844679628496
951.827,430.5,844679658552
936.38,517.29,844679688898
926.849,590.164,844679719262
916.999,634.527,844679749626
911.744,658.6,844679779876
907.607,672.03,844679810117
904.14,676.467,844679840463
905.006,679.736,844679870616
907.643,683.795,844679900855
908.866,686.588,844679931017
910.344,688.957,844679961267
885.071,692.796,844679991411
836.067,696.944,844680021564
792.491,700.619,844680051716
759.748,702.798,844680082053
734.153,704.919,844680112100
718.877,705.388,844680142349
710.066,705.846,844680172511
704.714,706.861,844680202568
698.162,707.37,844680232914
691.05,708.129,844680263094
686.066,708.878,844680293440
679.688,710.043,844680323496
683.31,719.712,844680353842
686.998,729.375,844680384092
689.649,736.981,844680414147
692.51,744.488,844680444493
695.483,751.053,844680474839
698.277,755.248,844680504905
699.614,757.618,844680535251
700.24,760.42,844680565501
700.048,762.925,844680595538
700.239,764.52,844680625673
701.399,766.209,844680655941
701.419,767.679,844680686093
701.815,768.291,844680716439
699.911,769.698,844680746688
698.591,770.325,844680776841
698.193,771.517,844680806898
697.45,773.625,844680837148
697.126,774.479,844680867300
697.063,775.37,844680897646
696.699,776.322,844680927895
696.262,776.939,844680958048
708.146,779.85,844680988307
738.39,785.635,844681018556
773.591,793.457,844681048708
805.872,799.238,844681078958
829.289,804.056,844681109304
847.581,805.319,844681139554
869.769,801.115,844681169707
885.174,799.171,844681199956
896.349,798.535,844681230099
902.598,796.722,844681260349
907.799,795.59,844681290502
910.311,794.816,844681320797
910.967,794.344,844681351046
912.82,793.763,844681381199
914.599,793.355,844681411256
917.705,790.407,844681441602
920.683,787.664,844681471676
924.286,784.831,844681501723
928.151,782.378,844681532069
906.876,781.127,844681562318
852.376,779.322,844681592471
786.3,776.044,844681622633
731.719,772.802,844681652786
693.577,770.854,844681682938
667.678,769.156,844681713091
656.635,768.12,844681743419
651.668,767.1,844681773669
652.177,765.329,844681803744
653.689,764.271,844681833956
654.733,763.752,844681864109
654.956,762.814,844681894473
654.616,762.706,844681924539
655.149,762.458,844681954885
655.568,762.242,844681984940
655.872,762.504,844682015286
656.047,762.608,844682045343
656.616,762.593,844682075689
656.454,762.804,844682105746
656.205,762.927,844682136073
656.184,762.717,844682166322
656.221,762.587,844682196475
656.126,762.818,844682226743
655.736,695.008,844682256896
663.519,553.855,844682286951
669.534,456.035,844682316980
671.525,407.454,844682347230
676.099,383.773,844682377286
676.444,374.378,844682407650
676.739,369.801,844682437707
670.793,362.528,844682467841
662.714,305.03,844682498187
660.708,261.592,844682528303
659.791,236.03,844682558543
660.051,221.568,844682588898
656.247,214.032,844682618954
654.786,208.238,844682649002
661.667,194.324,844682679329
674.444,165.923,844682709413
681.178,145.349,844682739759
686.129,130.235,844682769797
688.579,119.678,844682800143
690.393,112.733,844682830199
692.743,108.598,844682860563
694.584,106.372,844682890716
696.216,104.462,844682920966
696.098,102.792,844682951118
696.121,101.988,844682981350
696.466,101.317,844683011714
696.788,101.495,844683041867
696.976,101.522,844683072116
696.879,101.284,844683102163
697.11,100.76,844683132518
697.063,100.44,844683162592
678.667,165.552,844683192920
651.718,331.818,844683223018
636.102,451.784,844683253382
632.108,512.78,844683283719
631.09,537.169,844683313987
632.699,549.484,844683344130
635.599,554.608,844683374477
636.552,557.135,844683404533
635.393,557.583,844683434782
635.865,559.03,844683464935
632.279,581.856,844683495281
635.48,628.593,844683525512
642.27,665.181,844683555876
648.149,689.209,844683585932
649.481,706.503,844683616269
649.729,718.033,844683646422
650.852,723.117,844683676672
653.415,738.294,844683706824
661.679,748.237,844683737074
666.585,754.934,844683767420
668.159,761.554,844683797494
668.729,767.223,844683827840
669.952,770.767,844683858186
669.114,771.753,844683888445
667.947,771.895,844683918589
668.447,772.586,844683948654
669.67,773.875,844683979000
666.676,774.498,844684009249
664.422,774.787,844684039402
662.863,775.179,844684069459
661.863,775.353,844684099805
661.643,775.701,844684129842
660.859,776.839,844684160188
659.716,778.353,844684190447
658.926,779.88,844684220600
658.753,780.295,844684250753
657.935,780.326,844684281020
657.136,780.76,844684311163
657.248,780.16,844684341202
656.958,779.415,844684371547
657.042,779.187,844684401797
656.588,778.665,844684431950
656.456,778.081,844684462006
656.505,777.759,844684492352
656.507,776.797,844684522679
655.861,775.635,844684552736
655.635,774.514,844684582791
655.854,773.247,844684613137
655.518,771.713,844684643378
654.886,770.168,844684673531
654.207,768.754,844684703684
653.471,767.204,844684733933
654.333,766.185,844684763989
655.374,765.481,844684794335
655.625,764.869,844684824663
656.215,764.273,844684854913
656.464,764.359,844684885065
656.332,764.532,844684915314
656.215,764.845,844684945467
656.214,764.932,844684975813
656.101,764.852,844685005870
656.167,764.952,844685035926
656.09,765.127,844685066263
656.084,765.168,844685096319
656.227,765.155,844685126568
655.999,765.039,844685156924
655.854,764.788,844685187076
655.729,764.865,844685217229
655.531,765.109,844685247478
655.364,765.281,844685277631
655.189,765.398,844685307880
655.027,765.674,844685338226
655.238,764.814,844685368283
655.654,763.383,844685398339
655.814,761.807,844685428685
655.386,759.999,844685459040
655.132,757.971,844685489290
655.555,756.041,844685519345
655.913,754.302,844685549498
654.002,748.848,844685579835
651.194,734.41,844685609901
650.303,720.313,844685640151
647.78,708.88,844685670303
645.777,701.87,844685700552
644.764,695.194,844685730705
642.783,690.166,844685760955
641.785,687.126,844685791319
640.381,684.618,844685821375
640.022,680.883,844685851431
654.965,651.687,844685881768
671.318,619.089,844685911825
684.295,594.057,844685941978
694.289,578.286,844685972226
696.924,568.538,844686002379
719.158,550.779,844686032620
736.986,533.68,844686062782
749.172,522.424,844686093021
757.99,515.258,844686123367
763.9,510.813,844686153424
766.333,506.268,844686183770
764.894,504.309,844686213827
765.02,503.0,844686244172
766.238,503.931,844686274228
766.324,507.903,844686304381
766.846,510.702,844686334727
767.339,512.528,844686364977
768.208,514.32,844686395314
769.557,516.809,844686425369
770.327,519.128,844686455628
771.084,521.226,844686485781
771.769,523.148,844686515934
771.997,525.239,844686546183
772.488,526.601,844686576336
772.675,528.136,844686606585
773.503,531.866,844686636913
774.989,536.801,844686666988
775.87,540.968,844686697334
776.573,544.634,844686727583
777.487,547.549,844686757735
778.136,549.769,844686787792
778.136,551.942,844686818119
778.423,553.639,844686848369
777.984,554.727,844686878522
778.063,555.483,844686908578
778.554,556.2,844686938749
778.359,556.656,844686969067
764.836,549.984,844686999326
737.149,532.191,844687029461
704.958,511.326,844687059595
677.569,493.367,844687089651
660.616,480.053,844687119997
650.044,470.68,844687150053
641.399,464.457,844687180399
633.39,461.486,844687210649
628.139,460.411,844687240783
627.604,459.463,844687271032
627.034,459.306,844687301378
626.001,458.969,844687331435
620.832,443.163,844687361588
612.629,427.407,844687391855
607.241,414.133,844687422008
604.666,403.472,844687452258
602.589,396.227,844687482410
600.361,391.878,844687512660
597.605,388.12,844687542813
597.546,383.478,844687573062
609.167,382.447,844687603205
664.011,390.644,844687633455
743.87,402.632,844687663746
817.542,414.665,844687693985
868.595,422.408,844687724332
898.7,426.847,844687754388
917.815,430.819,844687784743
929.675,432.965,844687814993
934.433,435.261,844687845146
939.895,430.624,844687875395
943.805,425.77,844687905548
946.171,422.648,844687935623
948.016,420.978,844687965968
949.716,419.321,844687996217
950.53,417.843,844688026370
951.342,416.416,844688056620
951.664,415.544,844688086773
951.81,414.98,844688117119
951.812,414.34,844688147175
950.888,413.093,844688177310
950.636,410.911,844688207365
950.596,408.438,844688237615
950.078,406.913,844688267961
949.837,405.438,844688298017
949.48,404.146,844688328363
948.813,403.041,844688358709
948.406,402.424,844688388765
948.42,400.767,844688418822
947.555,399.043,844688449168
947.527,398.089,844688479514
948.471,397.547,844688509560
948.854,396.767,844688539916
948.639,395.706,844688570184
948.082,395.366,844688600318
948.356,395.224,844688630374
950.057,400.829,844688660720
953.698,412.346,844688691066
958.042,426.342,844688721306
961.816,438.869,844688751652
965.192,448.167,844688781709
968.305,456.457,844688811997
970.195,462.31,844688842052
971.655,467.58,844688872398
949.674,466.438,844688902455
930.959,465.595,844688932608
914.905,464.453,844688962664
900.752,464.307,844688992816
889.031,464.262,844689023162
879.783,463.951,844689053237
842.273,463.101,844689083487
797.483,460.85,844689113640
762.241,458.819,844689143802
737.071,457.192,844689173857
719.417,456.221,844689204203
707.55,454.976,844689234550
700.047,455.044,844689264799
697.242,455.567,844689294952
704.958,470.065,844689325201
717.504,507.44,844689355538
731.303,547.894,844689385778
740.682,580.011,844689415853
745.643,602.746,844689446208
752.023,616.837,844689476554
754.502,628.252,844689506610
754.602,635.531,844689536860
755.074,652.982,844689567178
755.8,671.887,844689597349
758.078,683.349,844689627696
757.976,692.847,844689657848
754.808,699.201,844689688097
753.414,702.964,844689718443
753.25,706.211,844689748500
752.461,709.57,844689778855
751.693,711.276,844689809008
750.47,712.361,844689839257
750.085,712.777,844689869313
750.026,713.65,844689899457
750.374,714.61,844689929812
752.449,714.295,844689960062
754.265,714.119,844689990117
756.127,714.351,844690020270
757.648,714.618,844690050520
759.125,714.756,844690080866
760.1,715.025,844690110913
760.73,715.459,844690141259
757.255,727.214,844690171615
749.442,750.466,844690201767
745.779,771.337,844690232095
741.433,788.593,844690262344
734.479,801.732,844690292506
729.958,811.886,844690322562
730.698,819.175,844690352908
731.795,824.8,844690383061
726.355,828.145,844690413310
695.283,818.924,844690443376
667.31,809.475,844690473547
643.087,800.817,844690503690
622.956,792.664,844690533738
607.896,786.31,844690564084
596.88,783.057,844690594333
588.843,781.054,844690624504
560.083,738.485,844690654754
536.293,628.661,844690684809
520.755,541.547,844690714857
513.265,492.457,844690744932
509.787,466.918,844690775066
509.545,452.818,844690805315
509.998,446.445,844690835468
509.073,444.719,844690865718
504.959,444.728,844690896054
494.533,437.977,844690926110
487.01,431.39,844690956410
481.108,426.284,844690986554
477.043,422.0,844691016803
473.83,417.934,844691046956
475.857,413.318,844691077013
524.7,317.999,844691107359
577.435,220.66,844691137414
611.143,163.18,844691167646
628.547,133.099,844691197711
636.815,118.294,844691228056
639.377,111.348,844691258402
640.592,106.619,844691288459
642.02,101.739,844691318805
682.888,93.7308,844691348880
715.517,88.9647,844691379152
736.908,84.1535,844691409208
751.343,82.2296,844691439545
762.029,80.5638,844691469698
770.409,79.8398,844691499948
775.384,78.1589,844691529994
780.105,76.8361,844691560340
812.582,107.362,844691590493
853.406,151.585,844691620761
886.706,185.884,844691650992
910.381,213.161,844691681338
926.741,231.445,844691711500
934.266,243.509,844691741768
939.285,251.666,844691771824
951.279,261.38,844691802170
988.743,314.99,844691832525
1016.74,357.096,844691862871
1035.88,383.682,844691893120
1047.15,399.092,844691923438
1052.76,408.526,844691953513
1055.77,413.333,844691983859
1056.07,416.554,844692013916
1058.63,431.847,844692044165
1059.84,442.991,844692074511
1058.68,450.833,844692104664
1059.37,457.082,844692134739
1059.52,461.754,844692164794
1058.07,466.274,844692195140
1057.3,470.676,844692225496
1056.96,474.03,844692255842
1057.67,477.219,844692285898
1059.35,479.171,844692315955
1045.99,479.462,844692346301
1009.95,473.298,844692376647
963.79,467.158,844692406702
919.832,461.617,844692436837
887.475,457.494,844692466893
863.23,455.723,844692497239
848.039,454.213,844692527295
838.468,453.733,844692557466
832.906,456.824,844692587812
828.9,458.495,844692617869
825.333,459.143,844692648215
823.978,459.305,844692678271
792.104,459.137,844692708617
755.656,460.105,844692738655
727.379,460.814,844692769001
705.228,461.602,844692799057
688.47,461.848,844692829403
680.252,462.232,844692859556
674.466,462.61,844692889805
667.843,462.579,844692919861
664.117,462.066,844692950014
663.037,461.813,844692980351
661.046,462.171,844693010601
669.37,462.156,844693040947
679.52,462.023,844693071002
705.655,462.245,844693101252
738.332,462.153,844693131598
767.534,461.117,844693161645
786.979,461.908,844693191825
802.987,463.831,844693222075
814.242,465.499,844693252227
823.1,465.983,844693282574
828.51,465.466,844693312814
832.474,465.004,844693343072
835.951,464.414,844693373225
843.364,464.088,844693403369
848.24,464.641,844693433618
852.404,465.132,844693463867
856.489,464.891,844693494020
859.219,465.987,844693524173
860.966,466.927,844693554422
862.463,467.728,844693584691
864.292,468.064,844693614825
865.22,468.145,844693645180
856.237,474.628,844693675351
843.41,486.873,844693705624
831.026,499.901,844693735882
816.667,511.762,844693766035
806.657,520.605,844693796188
801.69,526.79,844693826428
796.086,531.825,844693856484
790.505,534.829,844693886811
787.859,537.831,844693917139
787.427,539.545,844693947186
786.067,540.86,844693977542
784.626,541.699,844694007598
784.659,542.308,844694037751
785.336,551.228,844694068000
784.226,560.294,844694098346
784.03,569.448,844694128498
783.377,576.579,844694158748
783.608,581.622,844694188997
786.858,588.968,844694219150
792.44,595.383,844694249496
797.65,599.286,844694279552
799.878,602.756,844694309899
800.983,605.308,844694340148
802.854,607.419,844694370292
803.689,608.74,844694400541
804.294,609.639,844694430887
805.269,610.12,844694460953
805.765,610.375,844694491105
805.8,610.402,844694521354
805.89,610.524,844694551507
806.254,610.623,844694581871
806.602,610.479,844694611928
806.718,610.256,844694642159
806.565,610.405,844694672505
806.657,610.551,844694702561
807.113,610.528,844694732907
807.709,610.258,844694763069
807.904,610.427,844694793337
807.973,610.448,844694823383
808.131,610.272,844694853739
805.814,611.774,844694883777
799.055,615.967,844694913930
790.491,620.979,844694944276
782.901,625.821,844694974535
775.776,631.033,844695004688
767.185,635.586,844695035033
759.272,639.711,844695065089
751.934,642.237,844695095251
746.305,645.68,844695125501
742.63,648.17,844695155750
741.801,649.671,844695185903
741.14,650.679,844695216143
740.539,651.323,844695246296
739.632,652.427,844695276555
739.076,652.961,844695306708
739.958,653.232,844695337045
740.264,653.558,844695367109
739.677,653.853,844695397455
739.452,654.019,844695427512
739.511,654.12,844695457858
740.744,659.93,844695488097
743.612,673.84,844695518444
746.782,688.573,844695548500
751.846,702.021,844695578653
755.629,713.939,844695609017
758.063,720.522,844695639345
759.834,725.589,844695669402
759.628,730.127,844695699748
764.697,725.373,844695729803
767.089,721.326,844695759878
768.388,718.733,844695790224
769.551,717.087,844695820280
771.08,715.728,844695850626
772.777,713.993,844695880664
776.023,711.475,844695911028
784.114,705.143,844695941067
793.208,697.839,844695971315
800.67,689.916,844696001468
805.115,683.21,844696031814
808.819,678.194,844696061861
812.454,674.422,844696092110
818.087,670.892,844696122263
821.154,669.461,844696152513
814.792,669.247,844696182877
809.225,668.477,844696212934
805.272,667.588,844696243077
802.558,666.071,844696273230
800.319,666.323,844696303576
798.676,666.482,844696333807
797.662,666.878,844696363960
796.879,667.323,844696394209
796.051,667.686,844696424555
795.229,667.756,844696454611
794.864,667.916,844696484668
794.381,668.229,844696515013
793.876,668.541,844696545166
791.98,669.139,844696575416
789.975,670.267,844696605569
787.895,671.312,844696635818
785.918,672.356,844696665971
783.438,673.514,844696696211
780.94,675.017,844696726460
779.111,675.872,844696756613
777.242,675.964,844696786959
775.383,676.499,844696817025
773.845,676.883,844696847196
773.528,676.945,844696877542
773.451,677.297,844696907782
772.983,677.564,844696937838
771.518,677.443,844696968184
769.764,677.479,844696998337
768.498,677.36,844697028605
767.894,677.297,844697058758
767.202,677.116,844697089006
766.743,677.31,844697119150
766.476,677.479,844697149400
766.893,680.428,844697179553
767.06,685.078,844697209821
768.396,689.492,844697240060
768.092,693.89,844697270135
769.536,698.132,844697300482
771.276,702.203,844697330616
771.174,705.793,844697360865
771.186,709.616,844697391211
771.021,712.658,844697421363
770.243,714.72,844697451613
770.091,716.491,844697481766
769.826,717.606,844697512016
769.575,719.086,844697542169
768.281,723.405,844697572399
766.523,728.016,844697602570
765.646,732.044,844697632907
765.162,734.856,844697663051
764.21,736.953,844697693135
762.147,738.704,844697723481
760.279,740.571,844697753730
759.449,741.812,844697783882
759.207,742.649,844697813930
758.97,744.3,844697844304
758.484,741.998,844697874333
758.219,740.438,844697904678
758.323,739.004,844697935025
758.841,736.792,844697965273
759.155,734.557,844697995330
759.724,732.069,844698025588
759.715,725.607,844698055741
758.902,719.741,844698085912
757.198,713.741,844698116171
755.672,708.082,844698146324
754.572,703.087,844698176564
753.978,699.555,844698206717
754.127,697.625,844698236754
753.771,696.67,844698267100
753.701,695.983,844698297341
753.923,694.953,844698327494
753.399,693.814,844698357770
753.421,692.966,844698388107
753.384,692.861,844698418145
753.09,702.308,844698448509
753.932,727.917,844698478856
755.262,756.386,844698509018
754.777,778.863,844698539354
754.614,794.795,844698569613
756.044,805.032,844698599757
755.775,813.094,844698630006
756.909,818.422,844698660237
757.03,822.458,844698690390
755.881,825.459,844698720543
755.576,828.164,844698750608
755.414,829.863,844698780857
755.203,830.816,844698811001
755.597,831.516,844698841347
755.992,832.191,844698871693
755.293,832.824,844698901759
755.371,833.577,844698931787
755.687,834.015,844698962151
755.791,834.166,844698992313
755.787,834.565,844699022554
755.92,834.965,844699052609
756.2,835.058,844699082974
756.347,835.325,844699113310
753.055,836.033,844699143367
733.8,835.466,844699173501
705.886,834.302,844699203770
677.008,832.522,844699234116
652.603,831.396,844699264250
624.944,827.287,844699294490
570.896,723.241,844699324643
524.169,612.925,844699354759
497.771,543.655,844699384806
484.86,513.485,844699414861
477.528,497.921,844699444918
474.596,490.597,844699474975
473.642,487.242,844699505321
473.555,483.951,844699535367
481.202,480.761,844699565617
524.561,466.233,844699595770
565.435,452.381,844699626037
600.701,441.035,844699656162
623.835,436.565,844699686508
638.62,434.294,844699716758
649.104,431.822,844699746815
667.318,466.679,844699777179
687.478,514.092,844699807507
706.591,558.791,844699837764
721.221,593.141,844699868111
731.757,616.954,844699898457
735.905,631.504,844699928513
739.445,641.551,844699958762
742.897,646.704,844699988915
694.379,655.321,844700019174
646.714,661.746,844700049317
613.089,667.361,844700079383
587.705,671.786,844700109536
569.602,673.983,844700139689
552.323,676.584,844700169938
533.438,677.4,844700200090
521.706,679.049,844700230243
513.543,678.947,844700260493
505.664,678.154,844700290839
501.443,677.367,844700320895
497.288,677.543,844700351139
495.445,678.146,844700381389
494.498,678.507,844700411542
492.819,678.239,844700441879
490.668,678.476,844700471935
489.106,678.87,844700502281
488.912,679.075,844700532530
489.133,679.043,844700562587
488.901,679.203,844700592749
488.695,679.377,844700623095
488.337,679.84,844700653343
488.435,679.488,844700683496
488.842,679.501,844700713842
488.909,679.511,844700744092
488.85,679.612,844700774167
488.696,678.668,844700804320
487.38,676.88,844700834647
485.241,674.118,844700864703
484.226,671.079,844700894953
484.285,668.59,844700925106
484.571,666.114,844700955354
484.193,663.97,844700985507
483.068,662.279,844701015757
481.804,660.656,844701045910
481.041,659.201,844701076160
479.632,658.14,844701106312
479.745,657.908,844701136658
479.732,658.057,844701166907
480.572,657.685,844701197078
480.926,657.385,844701227328
481.919,657.339,844701257481
482.79,657.293,844701287730
482.624,657.303,844701317883
482.432,657.45,844701348133
482.601,657.507,844701378267
483.328,657.421,844701408342
483.5,657.364,844701438591
483.525,657.565,844701468734
484.054,658.08,844701499089
484.459,658.41,844701529330
485.222,658.377,844701559492
485.838,658.422,844701589741
485.714,659.778,844701620087
485.837,661.617,844701650125
486.186,664.118,844701680278
486.859,666.166,844701710624
488.344,668.41,844701740883
489.253,670.669,844701771026
489.007,672.696,844701801285
489.029,674.17,844701831428
489.135,675.608,844701861678
489.785,677.074,844701891734
490.533,678.227,844701922079
510.278,664.175,844701952232
558.952,622.065,844701982482
608.69,579.782,844702012732
643.11,550.606,844702042806
664.866,531.635,844702073143
679.153,521.15,844702103199
687.851,514.705,844702133554
693.02,512.094,844702163610
695.713,512.039,844702193938
697.41,510.681,844702224293
698.117,509.502,844702254350
696.659,504.916,844702284599
695.844,500.621,844702314752
696.769,497.236,844702344905
696.775,493.939,844702374961
696.464,491.08,844702405307
696.444,489.679,844702435556
702.313,441.437,844702465709
716.153,356.389,844702495783
728.345,293.9,844702526024
734.128,255.064,844702556370
735.96,234.671,844702586426
738.412,225.019,844702616772
741.539,221.378,844702646810
741.745,218.146,844702677156
730.276,207.78,844702707212
721.433,195.081,844702737286
715.543,185.584,844702767632
710.409,179.363,844702797864
706.007,175.558,844702828016
702.543,173.686,844702858362
700.718,171.786,844702888437
698.701,170.41,844702918765
697.421,169.778,844702949014
696.01,169.717,844702979167
691.918,167.713,844703009214
687.638,163.513,844703039578
684.849,159.098,844703069731
682.299,153.611,844703099980
680.507,150.367,844703130037
679.157,147.385,844703160383
678.797,145.603,844703190632
678.678,144.456,844703220785
677.594,143.792,844703250841
677.006,143.303,844703281196
676.735,142.599,844703311542
676.514,142.236,844703341598
676.917,141.956,844703371751
676.541,141.381,844703402000
684.197,148.058,844703432134
716.802,189.14,844703462403
758.38,242.581,844703492749
790.011,284.14,844703523095
808.246,308.253,844703553151
818.97,321.815,844703583400
837.837,345.098,844703613746
860.565,394.103,844703643899
872.401,429.028,844703674149
881.036,452.96,844703704495
884.961,464.857,844703734550
885.301,472.28,844703764896
886.569,476.889,844703795146
888.088,479.931,844703825290
887.534,480.248,844703855539
888.005,481.13,844703885885
889.898,481.516,844703916038
891.159,481.145,844703946094
871.518,521.842,844703976344
844.481,584.565,844704006690
825.118,631.79,844704037045
810.347,660.339,844704067207
798.898,676.34,844704097465
793.409,684.991,844704127590
790.37,690.164,844704157752
788.761,695.36,844704188002
790.656,698.954,844704218155
790.708,700.563,844704248423
788.882,701.452,844704278672
786.293,701.93,844704308806
783.987,702.39,844704339143
783.385,702.632,844704369393
784.876,703.198,844704399457
785.602,703.546,844704429629
784.132,703.785,844704459975
783.489,704.281,844704490031
784.05,704.673,844704520377
783.928,705.224,844704550599
786.586,709.015,844704580664
790.698,713.076,844704611001
794.184,718.45,844704641154
797.036,723.052,844704671509
799.204,725.891,844704701759
801.329,728.336,844704731912
796.681,720.305,844704762161
781.606,668.879,844704792217
763.055,596.12,844704822370
748.036,543.691,844704852427
738.574,511.367,844704882598
736.849,491.72,844704912653
735.44,482.35,844704942999
717.944,478.418,844704973047
705.954,477.055,844705003200
696.673,475.387,844705033255
690.182,471.371,844705063601
685.602,469.124,844705093947
683.123,467.151,844705124197
681.346,465.952,844705154253
679.891,465.976,844705184406
679.815,466.643,844705214655
705.322,463.135,844705245001
742.757,460.401,844705275251
782.569,457.796,844705305288
817.829,456.654,844705335652
841.777,456.692,844705365700
857.832,456.906,844705396046
869.274,456.846,844705426102
875.849,456.552,844705456430
879.089,456.559,844705486697
881.969,457.766,844705516850
884.744,458.54,844705546888
886.165,458.898,844705577234
887.472,459.827,844705607405
889.498,460.933,844705637663
890.846,461.465,844705667807
891.579,462.13,844705698066
892.422,462.833,844705728316
892.805,462.919,844705758469
892.492,463.153,844705788815
892.762,463.302,844705818977
892.846,463.125,844705849014
892.786,463.17,844705879273
891.751,463.283,844705909619
891.152,463.015,844705939868
890.844,462.553,844705970011
890.745,461.803,844706000068
890.586,461.202,844706030414
890.555,460.843,844706060471
890.166,460.657,844706090817
889.999,460.547,844706121065
890.077,460.448,844706151218
860.952,460.165,844706181564
809.068,459.639,844706211621
760.714,459.509,844706241773
723.151,458.354,844706271926
698.179,458.438,844706302175
680.703,457.638,844706332530
668.807,456.928,844706362587
666.489,459.107,844706392740
665.94,459.879,844706422990
665.116,460.446,844706453142
664.016,461.565,844706483198
663.903,463.441,844706513544
664.775,464.429,844706543794
665.717,464.464,844706574140
666.458,464.471,844706604186
666.216,465.116,844706634532
666.432,465.723,844706664589
665.993,466.518,844706694935
666.011,466.466,844706725088
665.834,466.473,844706755337
665.74,466.863,844706785499
665.594,466.953,844706815748
665.572,466.856,844706845901
665.669,466.752,844706876151
665.564,466.785,844706906418
692.038,465.711,844706936571
745.722,463.142,844706966820
797.276,460.348,844706997070
837.688,458.694,844707027223
863.289,458.328,844707057569
879.119,457.849,844707087625
883.133,458.355,844707117971
886.963,458.108,844707148027
888.793,457.954,844707178373
891.596,457.463,844707208622
893.487,458.766,844707238775
895.008,458.728,844707269121
895.654,458.94,844707299178
895.318,459.129,844707329321
895.409,459.551,844707359571
895.329,459.983,844707389626
895.063,460.515,844707419973
894.891,460.668,844707450195
894.805,460.511,844707480366
894.898,460.269,844707510431
894.207,460.353,844707540767
870.988,460.298,844707570920
825.312,459.765,844707600959
776.85,458.49,844707631323
736.702,456.561,844707661476
706.971,455.334,844707691725
688.638,455.317,844707722071
678.05,455.473,844707752127
672.183,455.57,844707782280
667.951,455.621,844707812626
662.995,454.986,844707842683
660.49,454.57,844707872931
658.774,454.356,844707903277
671.35,454.147,844707933430
691.205,452.994,844707963680
726.389,451.321,844707993736
764.36,451.433,844708024082
795.532,450.897,844708054331
818.258,448.963,844708084677
833.77,448.249,844708114725
843.432,447.952,844708145071
850.822,449.57,844708175126
864.351,451.783,844708205472
877.74,453.591,844708235529
888.86,455.465,844708265604
895.312,457.334,844708295950
901.092,458.956,844708326296
919.911,458.692,844708356352
940.268,451.622,844708386601
958.688,444.176,844708416850
972.879,437.909,844708447003
982.486,433.656,844708477156
989.623,430.851,844708507405
993.433,429.162,844708537751
998.944,428.07,844708567904
1002.61,427.263,844708598154
1004.82,427.879,844708628307
1006.62,428.134,844708658556
1008.28,428.189,844708688805
1009.22,427.449,844708718958
1010.11,427.445,844708749111
1025.28,486.166,844708779360
1045.09,580.002,844708809724
1062.07,645.184,844708840079
1070.86,685.209,844708870311
1077.6,705.617,844708900657
1077.83,714.485,844708930714
1049.18,722.705,844708961060
1018.21,729.973,844708991231
1000.7,732.362,844709021480
990.304,731.304,844709051632
981.927,733.302,844709081864
975.774,732.181,844709112210
971.071,732.693,844709142247
934.841,707.171,844709172427
880.556,637.694,844709202580
830.593,570.308,844709232637
796.928,526.205,844709262693
778.556,502.471,844709292828
766.136,489.938,844709323067
728.108,483.671,844709353229
709.215,480.63,844709383575
697.151,478.033,844709413632
688.526,476.611,844709443978
683.59,477.114,844709474034
680.705,477.197,844709504407
678.0,475.888,844709534542
675.654,474.391,844709564791
673.844,473.38,844709594848
673.738,472.199,844709625194
674.26,470.998,844709655268
674.093,469.828,844709685596
673.759,468.584,844709715652
675.462,471.371,844709745998
686.515,497.52,844709776344
707.947,544.738,844709806593
725.954,586.726,844709836939
737.614,617.889,844709867294
745.621,637.634,844709897369
749.862,648.27,844709927715
751.379,654.017,844709957753
752.691,656.692,844709987809
760.35,662.214,844710018155
768.608,670.681,844710048405
771.84,677.617,844710078558
774.045,681.978,844710108797
778.365,685.128,844710138950
781.404,686.526,844710169296
783.495,688.627,844710199334
785.072,662.862,844710229699
790.252,571.643,844710259755
796.627,479.616,844710289783
801.006,423.207,844710319840
803.246,395.022,844710350011
804.514,379.609,844710380048
804.428,370.992,844710410394
797.172,373.33,844710440740
792.884,376.899,844710470797
790.164,378.585,844710501037
786.82,379.773,844710531172
783.321,380.575,844710561518
781.402,381.204,844710591573
771.591,381.514,844710621919
761.404,381.185,844710652072
751.779,381.067,844710682340
742.788,380.875,844710712378
735.792,381.599,844710742733
729.18,382.217,844710772885
723.497,382.971,844710803135
720.09,382.672,844710833288
717.972,382.287,844710863538
716.725,382.353,844710893593
714.715,382.214,844710923939
713.825,382.326,844710954074
720.807,381.854,844710984342
735.57,381.158,844711014591
757.546,381.1,844711044744
781.6,381.119,844711074800
801.715,380.752,844711105146
817.107,382.109,844711135203
828.363,382.579,844711165567
836.456,382.24,844711195816
842.671,382.214,844711225978
852.03,382.617,844711256131
861.073,383.675,844711286381
868.192,383.943,844711316727
874.074,385.544,844711346782
907.497,432.033,844711377128
953.845,494.005,844711407419
982.128,533.604,844711437669
1000.91,559.903,844711468015
1015.06,575.492,844711498265
1022.25,583.027,844711528611
1025.88,589.551,844711558763
1026.74,593.245,844711588838
1028.39,595.266,844711619087
1028.57,596.461,844711649433
1024.84,585.398,844711679489
1024.42,578.81,844711709739
1023.54,571.392,844711739882
1022.07,561.792,844711770035
1020.18,553.455,844711800303
1018.37,545.352,844711830649
1017.22,539.161,844711860705
1016.72,534.328,844711891051
1016.15,530.915,844711921108
1014.29,528.843,844711951454
1013.48,528.37,844711981509
1011.42,527.839,844712011662
1006.2,525.166,844712041912
1000.99,521.981,844712072083
995.947,519.159,844712102401
992.936,516.964,844712132554
990.243,515.677,844712162611
963.859,517.261,844712192859
876.776,540.398,844712223012
772.049,566.632,844712253358
698.658,584.468,844712283520
653.07,594.738,844712313673
630.627,601.586,844712343730
617.033,602.819,844712374085
614.977,612.037,844712404324
616.736,621.884,844712434505
617.323,630.092,844712464851
618.318,635.772,844712495101
617.966,640.535,844712525254
617.02,643.586,844712555310
617.28,645.623,844712585665
617.916,647.182,844712616030
617.934,648.816,844712646085
617.531,650.558,844712676220
617.545,650.601,844712706469
617.533,653.315,844712736834
612.07,677.843,844712766862
606.323,708.612,844712797226
600.768,732.22,844712827572
597.56,748.348,844712857918
552.386,783.637,844712888168
519.275,813.377,844712918321
501.589,830.778,844712948396
489.85,843.295,844712978742
481.326,851.831,844713008886
478.581,855.019,844713039153
474.59,855.743,844713069499
470.894,859.252,844713099583
471.277,859.618,844713129804
471.892,859.571,844713160150
475.627,859.427,844713190303
610.411,860.893,844713220360
837.567,862.049,844713250609
986.616,862.39,844713280867
1061.6,864.994,844713311089
1097.03,868.757,844713341338
1116.52,871.146,844713371588
1123.56,870.747,844713401746
1127.83,870.857,844713431991
1130.0,870.72,844713462148
1089.61,868.698,844713492402
1065.95,867.945,844713522554
1002.68,866.715,844713552707
936.741,865.476,844713583053
886.489,864.908,844713613100
853.908,862.408,844713643447
830.979,860.371,844713673599
833.15,867.597,844713703839
839.141,875.666,844713734098
841.765,880.728,844713764223
842.766,885.463,844713794473
844.946,888.271,844713824644
846.477,889.41,844713854893
847.255,890.028,844713884931
847.749,890.898,844713915102
851.201,889.062,844713945448
853.729,887.538,844713975697
859.675,884.034,844714005850
867.591,879.822,844714036196
874.722,875.397,844714066243
880.483,870.964,844714096493
885.035,867.198,844714126839
889.617,863.916,844714156996
893.718,861.039,844714187149
896.234,858.697,844714217398
898.192,857.11,844714247551
900.08,855.777,844714277800
901.201,854.839,844714307953
877.401,851.536,844714338299
840.763,848.224,844714368461
802.709,843.26,844714398623
770.857,838.674,844714428679
747.215,836.689,844714458842
732.269,836.449,844714489187
722.737,835.356,844714519235
706.312,833.767,844714549590
692.409,833.153,844714579637
683.78,831.817,844714609982
677.744,829.42,844714640232
673.661,828.976,844714670385
670.77,829.004,844714700634
668.69,829.255,844714730787
666.987,829.323,844714761036
665.874,829.476,844714791189
665.922,829.636,844714821448
666.575,830.084,844714851601
667.115,829.965,844714881947
667.013,830.404,844714912196
666.377,830.69,844714942253
665.494,830.896,844714972580
664.501,830.891,844715002742
662.403,830.634,844715032982
659.717,826.529,844715063171
656.979,821.647,844715093421
655.024,816.886,844715123469
652.829,812.479,844715153621
650.757,808.731,844715183870
649.363,805.648,844715214023
649.177,804.233,844715244264
648.814,803.047,844715274619
649.116,801.799,844715304955
647.885,800.508,844715335020
646.935,799.679,844715365173
646.604,799.002,844715395221
645.97,798.314,844715425567
645.292,797.94,844715455623
645.339,797.746,844715485969
645.622,797.412,844715516324
645.52,797.281,844715546380
645.021,797.032,844715576533
644.277,796.31,844715606783
643.43,795.697,844715636838
643.292,795.499,844715667097
643.355,795.381,844715697443
643.355,794.872,844715727587
643.279,794.264,844715757837
643.181,793.476,844715787989
643.015,793.045,844715818335
642.752,793.155,844715848391
642.44,793.118,844715878737
642.278,792.5,844715908987
642.423,792.113,844715939140
642.688,791.93,844715969195
643.039,791.959,844715999541
643.24,792.109,844716029694
643.12,792.204,844716059944
642.776,792.285,844716089991
642.604,792.282,844716120144
642.717,792.549,844716150393
642.782,792.821,844716180739
645.994,793.019,844716210910
744.523,807.647,844716241178
904.991,828.006,844716271409
1021.28,841.961,844716301649
1085.95,849.854,844716331899
1115.67,855.303,844716362139
1129.99,858.348,844716392342
1141.85,863.583,844716422499
1149.36,866.065,844716452753
1152.89,867.568,844716483007
1156.11,868.649,844716513165
1159.27,869.248,844716543419
1160.81,869.591,844716573567
1160.13,868.962,844716603724
1158.66,868.496,844716633978
1151.53,853.753,844716664232
1140.29,823.693,844716694390
1130.56,793.077,844716724635
1123.23,770.889,844716754792
1017.32,617.842,844716784950
902.309,441.888,844716815047
845.939,359.465,844716845191
824.183,326.582,844716875344
815.055,314.776,844716905400
808.115,309.652,844716935553
804.628,320.045,844716965609
802.986,327.065,844716995780
802.133,331.823,844717026126
801.503,335.322,844717056431
800.854,336.577,844717086317
800.176,338.245,844717116911
806.181,340.515,844717146912
810.746,341.856,844717176968
814.633,343.249,844717207314
819.143,345.117,844717237371
824.501,347.92,844717267717
830.869,350.413,844717297966
837.239,352.54,844717328118
843.094,354.769,844717358262
847.451,357.126,844717388512
850.783,358.676,844717418858
853.048,358.917,844717448913
854.694,358.967,844717479278
855.629,359.996,844717509624
856.523,360.877,844717539929
857.231,360.821,844717569912
857.916,361.282,844717600216
858.356,361.416,844717630120
853.837,361.394,844717660714
845.957,361.166,844717690619
833.522,361.279,844717720869
819.462,362.066,844717751022
805.981,361.979,844717781270
795.849,364.17,844717811414
787.215,399.024,844717841673
779.416,445.313,844717872019
774.181,480.494,844717902172
769.425,507.056,844717932518
765.404,523.423,844717962768
766.803,528.987,844717992920
778.522,504.866,844718023169
782.57,496.975,844718053474
790.131,482.275,844718083465
801.874,460.624,844718113866
818.217,437.051,844718143684
836.07,415.517,844718174030
850.875,398.81,844718204280
861.32,387.309,844718234451
866.583,380.01,844718264507
872.04,373.345,844718294659
876.024,366.911,844718324909
879.33,362.273,844718355246
881.133,358.795,844718385486
883.455,356.425,844718415542
886.676,354.273,844718445888
889.101,353.374,844718476041
890.473,352.373,844718506387
890.114,352.012,844718536444
888.778,351.281,844718566596
886.622,350.681,844718596845
885.02,350.223,844718627095
884.485,349.561,844718657441
884.43,349.633,844718687594
883.962,349.571,844718717668
883.056,349.3,844718748014
876.319,349.487,844718778263
850.164,350.387,844718808416
817.517,351.72,844718838364
787.143,351.873,844718868526
764.071,350.608,844718898775
748.744,349.581,844718929121
737.27,348.303,844718959273
727.71,349.091,844718989330
720.759,350.752,844719019685
715.969,352.287,844719049953
712.778,352.574,844719080105
709.399,352.763,844719110355
706.292,352.094,844719140508
704.262,351.887,844719170758
702.629,352.308,844719200929
702.595,353.145,844719231178
703.435,353.921,844719261331
704.135,354.571,844719291562
704.722,354.873,844719321715
704.383,355.392,844719351954
708.362,356.046,844719382020
731.592,356.913,844719412348
767.433,357.887,844719442712
803.084,359.47,844719472934
832.02,362.622,844719503087
854.516,363.906,844719533336
866.174,366.761,844719563480
868.074,366.145,844719593729
869.21,365.665,844719623776
870.33,364.66,844719653928
870.515,363.647,844719684178
870.555,363.363,844719714524
871.272,363.767,844719744677
871.92,364.849,844719774927
872.048,365.692,844719805080
868.066,372.75,844719835223
843.863,420.588,844719865569
812.718,485.326,844719895837
786.946,534.744,844719926192
771.142,564.458,844719956442
766.952,576.638,844719986585
772.328,575.375,844720016931
773.971,577.672,844720047005
775.706,579.162,844720077342
776.999,579.164,844720107582
778.026,578.979,844720137648
778.5,578.716,844720167801
778.45,578.676,844720198050
778.109,578.777,844720228414
778.39,579.544,844720258673
778.674,580.178,844720288826
779.501,579.552,844720318882
779.494,578.869,844720349246
779.624,578.364,844720379610
779.545,575.16,844720409667
781.512,530.815,844720439714
785.438,467.224,844720469752
789.389,417.105,844720499886
791.308,387.413,844720530232
794.275,372.463,844720560280
795.782,366.368,844720590432
798.424,360.039,844720620681
800.689,355.038,844720650922
801.177,351.142,844720681075
805.049,345.795,844720711131
808.316,339.235,844720741284
810.967,333.393,844720771630
813.433,330.054,844720801869
815.087,328.262,844720832215
816.63,328.156,844720862272
817.181,327.827,844720892618
818.086,327.443,844720922674
819.548,327.408,844720953020
817.975,330.523,844720983076
815.32,335.311,844721013422
810.604,344.296,844721043787
806.862,354.501,844721073834
801.818,363.761,844721104180
789.771,376.415,844721134245
768.804,393.6,844721164609
750.615,408.905,844721194648
736.228,420.65,844721224810
725.905,429.089,844721255058
720.441,434.617,844721285413
718.805,437.715,844721315566
717.243,439.591,844721345816
714.918,442.804,844721375969
713.985,445.951,844721406209
713.73,447.437,844721436555
713.239,448.571,844721466611
712.431,449.581,844721496755
712.338,450.637,844721527005
712.235,452.039,844721557157
712.126,452.863,844721587406
711.671,453.336,844721617559
711.229,454.2,844721647827
710.887,454.988,844721678173
710.454,455.324,844721708211
694.424,468.713,844721738364
649.463,535.495,844721768710
605.703,604.306,844721799056
573.65,652.305,844721829218
552.955,676.887,844721859555
548.916,689.699,844721889611
542.922,697.456,844721919957
538.677,703.401,844721950293
516.369,696.909,844721980543
504.456,685.407,844722010599
498.399,679.012,844722040655
494.886,674.466,844722070712
491.238,671.32,844722100846
488.814,669.087,844722131202
487.053,667.368,844722161248
486.624,665.22,844722191594
484.255,659.247,844722221651
482.079,653.07,844722251918
480.584,647.152,844722281974
478.985,642.612,844722312320
477.829,639.384,844722342473
478.194,637.145,844722372705
477.435,635.63,844722402760
476.43,633.574,844722433097
482.688,543.316,844722463443
515.17,348.383,844722493518
540.449,217.234,844722523555
552.806,155.497,844722553699
557.375,131.213,844722583930
558.163,119.814,844722614083
562.806,117.616,844722644333
565.309,115.785,844722674485
564.612,112.784,844722704744
600.408,108.075,844722735090
628.551,106.786,844722765399
648.364,105.149,844722795437
662.991,103.625,844722825783
671.621,102.508,844722855838
678.069,102.243,844722886185
682.479,102.55,844722916434
685.566,103.369,844722946587
715.343,111.841,844722976837
756.93,125.671,844723006902
794.567,137.069,844723037045
822.177,144.091,844723067295
840.208,152.047,844723097466
853.503,157.301,844723127803
864.194,159.238,844723158149
900.038,148.576,844723188398
933.676,139.902,844723218454
957.203,131.857,844723248626
973.857,127.316,844723278875
986.72,126.338,844723308913
996.081,125.801,844723339268
1001.26,124.741,844723369421
1035.12,119.743,844723399671
1064.25,118.283,844723429744
1084.83,117.784,844723460072
1100.52,117.117,844723490129
1111.73,117.645,844723520475
1117.96,119.438,844723550821
1121.78,121.585,844723580896
1124.87,123.184,844723611242
1127.26,125.317,844723641297
1129.72,127.0,844723671529
1143.53,184.754,844723701682
1156.06,280.413,844723732027
1167.31,347.096,844723762276
1174.07,381.78,844723792622
1177.79,400.779,844723822872
1179.96,411.715,844723853025
1179.34,418.634,844723883284
1178.69,425.372,844723913437
1176.95,452.131,844723943704
1143.29,598.435,844723974032
1121.27,699.856,844724004378
1110.54,752.008,844724034637
1103.87,776.105,844724064982
1099.59,785.139,844724095283
1088.76,793.823,844724125537
1075.52,800.509,844724155592
1063.87,804.058,844724185938
1054.03,806.847,844724215995
1049.61,809.305,844724246341
1046.72,810.447,844724276397
1046.32,812.378,844724306743
1045.99,813.826,844724336817
1045.0,815.536,844724366970
1044.55,817.175,844724397316
1040.67,811.138,844724427566
1039.33,777.681,844724457612
1039.93,718.831,844724487660
1039.17,668.126,844724517735
1038.15,633.144,844724548081
1038.08,615.282,844724578311
1037.5,606.191,844724608464
1038.99,600.744,844724638617
1040.12,597.178,844724668867
1041.92,595.599,844724699213
1043.81,594.192,844724729268
1044.38,591.955,844724759614
1044.62,590.031,844724789671
1029.51,595.012,844724820017
929.45,659.68,844724850169
774.491,760.53,844724880516
672.955,825.516,844724910678
624.49,859.862,844724941024
600.893,878.364,844724971379
588.707,886.001,844725001531
583.111,889.086,844725031781
566.181,890.349,844725061953
555.525,893.707,844725092008
548.178,895.369,844725122258
541.342,895.696,844725152411
536.97,894.57,844725182545
534.53,894.444,844725212900
531.342,894.631,844725243140
534.377,891.594,844725273408
537.287,889.364,844725303561
538.757,887.63,844725333714
539.818,886.279,844725363964
540.903,884.923,844725394125
541.831,883.67,844725424374
543.145,881.807,844725454720
544.595,880.113,844725484795
546.35,879.104,844725515114
545.063,877.684,844725545267
544.381,875.87,844725575515
543.859,874.204,844725605668
543.557,873.304,844725636005
543.473,872.593,844725666255
543.482,872.004,844725696311
543.692,871.994,844725726657
600.827,873.584,844725756713
749.768,877.968,844725786963
869.389,878.854,844725817202
939.163,879.404,844725847425
979.051,882.69,844725877679
1002.6,886.94,844725907836
1016.32,888.518,844725938090
1024.24,887.851,844725968265
1028.23,887.076,844725998519
1031.81,889.034,844726028677
1034.69,890.173,844726058913
1035.39,889.128,844726089070
1032.97,884.294,844726119342
1030.53,880.924,844726149482
1029.26,878.685,844726179625
1028.35,876.933,844726209875
1027.32,875.883,844726240138
1026.54,874.349,844726270392
1025.72,872.532,844726300549
1025.12,871.336,844726330803
1024.87,870.13,844726361057
1024.56,869.034,844726391104
1024.37,868.408,844726421353
1024.27,868.255,844726451616
1023.98,867.775,844726481774
1023.82,867.231,844726512028
1023.64,867.461,844726542085
1023.6,867.731,844726572431
1023.49,867.735,844726602597
1023.4,867.681,844726632851
1023.23,867.734,844726663105
1023.0,867.885,844726693263
1022.66,867.847,844726723526
995.894,848.489,844726753683
935.253,788.595,844726783739
883.965,732.889,844726813796
852.593,696.867,844726843958
834.556,675.055,844726874013
823.396,661.945,844726904166
814.255,652.438,844726934416
810.876,647.752,844726964578
810.412,644.907,844726994924
808.733,642.311,844727024989
807.669,640.457,844727055142
807.629,639.306,844727085391
805.83,638.752,844727115737
798.837,645.398,844727145996
793.251,650.541,844727176245
788.336,655.337,844727206591
783.927,660.532,844727236744
780.816,664.916,844727266897
777.375,668.95,844727297137
774.443,672.229,844727327202
772.027,674.234,844727357539
762.287,679.12,844727387596
749.101,686.092,844727417757
738.018,693.219,844727447901
729.064,698.886,844727478247
721.178,703.792,844727508304
714.863,706.382,844727538650
710.057,708.083,844727568705
703.248,709.937,844727599051
697.336,710.894,844727629108
694.013,711.507,844727659366
691.195,711.981,844727689721
689.267,713.704,844727719874
687.599,714.51,844727750018
685.905,715.178,844727780258
682.714,715.042,844727810508
679.311,715.178,844727840679
677.081,715.857,844727871007
674.526,716.268,844727901246
672.601,716.028,844727931399
671.661,716.411,844727961658
670.609,716.451,844727991714
670.275,716.614,844728022078
670.189,716.568,844728052231
669.239,716.615,844728082297
668.517,716.609,844728112431
668.222,716.853,844728142690
668.13,717.002,844728172843
669.85,716.491,844728203101
673.76,714.894,844728233341
678.724,711.899,844728263687
685.265,708.506,844728293936
692.648,705.464,844728324089
698.776,702.387,844728354348
713.545,666.199,844728384482
735.936,613.472,844728414539
750.964,572.541,844728444604
760.468,544.466,844728474941
766.389,528.212,844728505191
769.979,516.147,844728535334
771.987,508.774,844728565680
771.29,504.999,844728595736
771.754,503.842,844728626082
774.094,503.273,844728656157
775.927,501.604,844728686503
782.97,490.028,844728716559
790.127,478.317,844728746905
796.237,469.639,844728776961
821.692,463.558,844728807211
847.383,459.991,844728837290
865.152,456.647,844728867627
878.469,454.596,844728897682
890.036,452.53,844728928028
899.16,450.912,844728958269
905.682,449.929,844728988440
911.362,449.865,844729018672
915.201,450.517,844729048815
918.181,450.196,844729078871
919.89,449.979,844729109217
920.289,449.627,844729139457
920.244,449.659,844729169629
919.595,449.815,844729199781
918.966,449.515,844729230030
918.893,449.301,844729260376
918.685,449.439,844729290433
918.379,449.102,844729320779
918.364,449.067,844729350826
916.713,448.428,844729381084
903.89,437.237,844729411237
885.453,420.898,844729441564
869.284,403.919,844729471612
853.983,388.787,844729501774
841.952,377.833,844729531839
832.213,370.793,844729562185
825.721,366.822,844729592435
822.873,364.531,844729622578
821.727,363.457,844729652846
822.444,363.024,844729683008
821.69,362.383,844729713257
820.078,361.768,844729743410
820.392,362.163,844729773756
831.485,368.821,844729803813
863.919,386.584,844729834080
902.632,406.915,844729864426
934.876,425.53,844729894763
956.654,440.464,844729924994
972.256,450.447,844729955165
981.393,457.431,844729985415
987.202,462.254,844730015559
991.444,464.403,844730045807
993.223,465.145,844730076153
994.87,465.388,844730106210
996.276,465.367,844730136556
986.479,463.537,844730166593
972.58,457.681,844730196764
941.467,443.548,844730226862
907.252,427.777,844730257208
880.498,415.397,844730287264
859.934,406.001,844730317514
842.949,400.366,844730347667
831.534,398.408,844730377820
824.447,397.221,844730408069
819.804,396.442,844730438442
817.221,395.17,844730468499
816.56,393.992,844730498827
816.133,392.96,844730529075
814.776,392.085,844730559228
813.689,391.562,844730589285
812.991,390.664,844730619649
812.523,390.457,844730649802
810.099,389.399,844730680052
802.327,383.481,844730710186
795.285,377.572,844730740435
788.798,372.086,844730770588
783.055,367.1,844730800644
778.476,363.508,844730830893
774.067,360.242,844730861239
771.883,357.518,844730891296
769.654,356.003,844730921632
767.549,355.07,844730951707
766.183,355.269,844730982035
766.063,355.317,844731012091
765.559,355.224,844731042437
764.996,354.854,844731072512
764.457,354.451,844731102858
764.007,353.69,844731132932
763.874,353.216,844731163278
763.134,351.157,844731193642
762.288,349.321,844731223699
761.273,347.292,844731254045
760.748,345.826,844731284092
760.35,344.673,844731314438
759.819,343.982,844731344485
759.038,343.551,844731374831
758.626,342.765,844731404983
758.325,341.871,844731435233
757.75,341.51,844731465289
750.389,340.908,844731495653
733.135,338.543,844731525806
713.486,335.872,844731556056
695.08,334.804,844731586199
678.552,333.564,844731616449
687.618,337.442,844731646593
699.85,341.471,844731676851
711.237,345.109,844731707188
731.122,352.428,844731737226
746.371,392.295,844731767300
798.425,722.108,844731827651
831.083,669.712,844731858163
845.133,630.021,844731888711
856.275,581.271,844731918809
882.636,526.816,844731949031
904.806,488.075,844731979304
916.872,464.753,844732009360
923.691,451.853,844732039522
925.914,444.945,844732069753
925.875,440.606,844732100089
927.249,438.23,844732130146
928.089,438.069,844732160308
929.179,437.339,844732190635
930.027,436.914,844732220682
930.71,436.331,844732250932
930.678,435.697,844732281094
930.128,435.435,844732311440
930.304,434.675,844732341496
930.698,434.262,844732371851
930.479,434.211,844732402082
930.055,434.079,844732432235
930.399,434.113,844732462485
930.737,434.011,844732492558
931.214,434.276,844732522877
929.71,434.407,844732552934
927.053,434.101,844732583086
923.406,433.867,844732613423
919.84,433.601,844732643498
916.891,433.41,844732673844
912.419,432.741,844732704190
857.499,431.837,844732734227
787.19,429.443,844732764380
731.751,427.497,844732794542
693.854,426.645,844732824792
669.696,427.186,844732854875
654.11,427.767,844732885010
645.203,429.642,844732915356
640.369,431.462,844732945702
639.197,431.65,844732975777
638.064,431.732,844733006036
638.498,432.211,844733036400
639.153,432.404,844733066437
639.618,432.444,844733096783
656.933,431.713,844733126840
719.086,431.423,844733157088
787.144,430.377,844733187338
842.594,429.77,844733217482
877.854,430.078,844733247732
900.264,432.349,844733277903
914.848,432.636,844733308152
917.176,434.858,844733338489
919.168,436.625,844733368641
920.229,437.208,844733398689
920.098,437.091,844733429035
920.445,437.014,844733459081
920.72,437.007,844733489427
921.12,437.041,844733519677
921.871,437.155,844733549830
922.271,437.446,844733579886
922.491,437.696,844733610214
922.827,438.263,844733640481
923.478,438.766,844733670616
924.365,438.829,844733700759
925.143,439.183,844733731009
925.467,439.177,844733761355
926.08,439.442,844733791410
926.908,439.673,844733821660
927.831,439.696,844733852006
929.031,439.932,844733882081
929.914,440.187,844733912427
930.35,440.263,844733942483
930.515,440.387,844733972636
930.621,440.147,844734002982
930.617,440.022,844734033038
930.404,439.825,844734063384
930.315,439.54,844734093633
930.312,439.365,844734123786
930.019,439.191,844734154036
929.605,438.929,844734184189
929.137,438.54,844734214341
928.687,437.991,844734244582
928.296,437.558,844734274937
928.038,436.891,844734304983
927.655,436.357,844734335330
927.459,435.926,844734365386
927.614,435.5,844734395732
927.192,434.848,844734425788
890.636,434.927,844734456115
819.1,432.936,844734486268
758.03,429.885,844734516352
716.691,426.103,844734546698
687.98,426.103,844734576755
670.144,424.923,844734607082
660.514,424.489,844734637235
655.327,424.564,844734667484
652.238,426.183,844734697541
649.194,426.998,844734727905
647.834,427.91,844734758058
646.466,429.171,844734788307
645.218,429.758,844734818653
643.916,430.443,844734848709
642.218,431.121,844734878747
641.102,431.603,844734909093
639.781,431.622,844734939440
638.87,431.619,844734969495
638.768,432.11,844734999841
638.822,432.491,844735030091
638.994,432.8,844735060244
639.445,433.116,844735090406
639.578,433.32,844735120664
639.859,433.425,844735150817
639.823,433.475,844735181066
639.426,433.501,844735211104
639.388,433.479,844735241451
639.604,433.558,844735271622
639.565,433.588,844735301871
639.338,433.524,844735332023
638.854,433.428,844735362080
661.849,431.306,844735392426
723.797,428.656,844735422717
785.388,426.411,844735452975
830.109,425.608,844735483041
861.706,424.566,844735513281
880.737,425.171,844735543443
893.116,425.225,844735573789
901.422,426.437,844735604038
907.518,425.594,844735634384
911.334,425.359,844735664440
913.795,424.576,844735694786
915.897,423.902,844735724842
917.018,423.3,844735754995
917.742,422.858,844735785254
918.667,422.521,844735815407
919.068,422.464,844735845638
919.892,422.597,844735875800
920.698,423.006,844735906049
921.633,423.537,844735936202
922.765,423.928,844735966452
923.223,424.357,844735996816
923.897,424.731,844736026871
924.307,425.139,844736057208
924.305,425.223,844736087361
924.565,425.476,844736117611
924.3,425.108,844736147686
924.198,424.296,844736178023
923.502,423.655,844736208271
922.786,423.34,844736238424
922.474,423.12,844736268770
922.298,422.92,844736298818
921.836,422.761,844736328873
921.205,422.467,844736359219
920.527,422.061,844736389372
919.956,421.888,844736419622
916.858,425.186,844736449968
868.827,505.59,844736480314
808.853,609.502,844736510660
767.915,678.515,844736541015
746.945,713.161,844736571053
725.409,720.847,844736601390
712.826,725.355,844736631446
705.344,729.418,844736661599
702.998,730.425,844736691751
701.802,729.754,844736722088
693.983,727.531,844736752338
686.383,724.169,844736782491
681.588,722.195,844736812546
677.172,721.468,844736842787
674.446,721.069,844736872940
672.559,720.745,844736903286
671.2,720.311,844736933342
670.262,720.063,844736963688
669.029,719.997,844736993744
668.376,720.424,844737024090
667.751,720.874,844737054330
666.981,721.18,844737084483
672.129,723.119,844737114732
679.987,726.105,844737144982
689.494,729.468,844737175135
699.593,732.512,844737205385
708.702,735.4,844737235537
716.302,737.871,844737265883
722.688,739.818,844737296132
728.867,742.427,844737326285
733.763,745.253,844737356535
736.846,746.001,844737386881
738.828,746.206,844737416936
741.063,746.364,844737447107
744.116,746.79,844737477454
746.793,747.225,844737507510
748.036,747.302,844737537760
749.519,747.483,844737567913
761.007,746.143,844737598162
774.569,745.096,844737628393
788.206,744.809,844737658642
799.345,744.293,844737688914
808.988,743.506,844737719067
817.124,743.298,844737749317
824.39,720.567,844737779469
844.663,617.059,844737809544
866.152,518.823,844737839600
878.78,462.16,844737869744
885.224,431.978,844737899791
884.977,415.071,844737929944
883.609,405.264,844737960193
882.702,400.067,844737990355
885.132,389.459,844738020605
883.746,276.414,844738050679
883.045,179.855,844738080832
885.536,130.862,844738110976
884.126,107.341,844738141206
883.269,96.2753,844738171263
884.381,96.4612,844738201609
895.007,147.472,844738231674
903.419,192.936,844738262001
914.89,263.358,844738292356
924.383,318.488,844738322616
928.442,354.57,844738352980
930.551,373.049,844738383326
932.023,383.198,844738413383
930.125,392.962,844738443631
929.243,401.119,844738473784
928.367,406.156,844738503946
928.977,409.729,844738534196
929.861,413.001,844738564542
931.438,416.047,844738594598
931.17,418.472,844738624645
931.389,419.599,844738655000
932.87,420.395,844738685259
933.649,420.938,844738715412
934.138,421.776,844738745565
934.311,422.725,844738775814
934.541,423.668,844738805870
934.729,424.54,844738836207
934.445,425.515,844738866456
933.763,425.728,844738896609
933.068,426.156,844738926936
932.647,426.772,844738957011
932.274,427.31,844738987357
932.374,428.162,844739017414
932.569,429.302,844739047769
932.826,430.119,844739078009
932.893,430.596,844739108364
932.98,431.571,844739138420
933.209,432.387,844739168564
933.419,433.227,844739198910
933.795,433.815,844739229168
934.623,434.197,844739259215
935.132,434.208,844739289368
935.0,434.374,844739319618
934.717,434.801,844739349771
934.505,435.118,844739379826
934.735,435.503,844739410172
935.009,435.697,844739440472
935.15,435.872,844739470625
935.051,436.34,844739500875
934.604,436.889,844739531028
934.254,437.083,844739561277
933.755,437.18,844739591429
933.138,437.348,844739621679
932.731,437.264,844739651832
921.073,370.38,844739682073
906.913,223.933,844739712128
897.558,122.293,844739742281
893.133,71.2432,844739772337
891.409,49.6778,844739802674
892.834,37.8691,844739833020
893.699,31.7735,844739863173
893.71,26.8531,844739893229
883.965,27.673,844739923584
875.706,29.7745,844739953640
871.687,30.0233,844739983890
868.499,29.5427,844740014236
866.146,29.5277,844740044292
864.871,28.8571,844740074445
863.88,28.2205,844740104694
862.056,28.7663,844740134847
859.624,28.9344,844740165096
790.806,78.3939,844740195461
649.422,186.385,844740225595
554.446,264.123,844740255748
509.037,308.164,844740285813
485.066,327.018,844740316160
475.04,337.058,844740346409
470.026,342.321,844740376562
468.123,345.65,844740406908
466.805,348.574,844740436964
465.182,349.726,844740467310
447.681,419.727,844740497463
431.569,519.535,844740527712
421.736,578.465,844740558086
418.305,609.678,844740588248
420.84,626.586,844740618594
417.438,635.398,844740648650
416.747,639.2,844740679005
417.94,640.737,844740709158
437.413,639.541,844740739426
484.487,609.099,844740769685
549.512,565.089,844740799915
614.385,521.19,844740830192
662.078,490.723,844740860230
691.126,474.39,844740890470
707.739,463.985,844740920816
694.429,457.438,844740950988
683.669,453.829,844740981044
676.335,451.191,844741011169
672.294,449.891,844741041515
670.341,449.388,844741071571
669.092,448.051,844741101917
667.264,447.83,844741131973
665.457,447.198,844741162320
664.655,446.661,844741192463
663.87,446.466,844741222712
663.195,445.71,844741253058
662.399,445.094,844741283115
661.85,444.802,844741313364
697.576,440.861,844741343517
765.978,434.51,844741373784
826.385,430.915,844741404025
871.919,430.064,844741434169
901.934,427.189,844741464399
919.493,427.988,844741494736
930.299,429.105,844741524811
931.262,431.044,844741555157
929.829,431.452,844741585213
929.225,431.99,844741615366
928.55,432.539,844741645606
928.737,433.006,844741675952
928.555,432.9,844741706008
928.648,433.052,844741736327
928.595,433.166,844741766479
928.625,433.186,844741796728
929.156,432.593,844741827074
929.394,432.376,844741857131
929.384,432.178,844741887275
929.357,431.703,844741917524
929.383,431.205,844741947677
929.241,430.564,844741977954
929.084,429.835,844742008203
928.928,429.653,844742038356
928.926,429.416,844742068702
928.97,429.388,844742098758
929.075,429.258,844742129113
928.91,428.751,844742159160
928.878,428.206,844742189313
929.061,427.96,844742219659
929.301,427.727,844742249909
929.089,427.815,844742279955
928.896,427.653,844742310099
922.442,427.724,844742340367
906.322,427.961,844742370713
886.517,428.251,844742400866
868.01,428.662,844742431037
847.687,430.092,844742461286
800.894,432.61,844742491632
762.173,435.189,844742521689
734.865,436.226,844742551841
715.92,438.071,844742582156
702.641,438.777,844742612413
694.148,440.75,844742642566
687.866,443.21,844742672903
683.786,445.032,844742702978
681.242,446.172,844742733227
680.093,448.08,844742763380
678.536,449.531,844742793620
677.379,450.432,844742823792
677.507,450.518,844742854041
676.804,451.078,844742884194
676.417,452.301,844742914559
675.67,452.468,844742944642
674.165,452.794,844742974978
673.814,453.166,844743005131
674.403,452.855,844743035372
674.603,452.741,844743065621
674.718,452.7,844743095746
674.84,452.619,844743125996
674.675,452.757,844743156139
674.462,452.639,844743186196
674.148,452.513,844743216551
673.945,452.286,844743246704
673.946,452.089,844743276953
673.959,451.812,844743307193
673.921,451.575,844743337346
673.958,451.029,844743367490
673.98,450.523,844743397729
673.791,449.893,844743427882
673.564,449.75,844743458123
673.214,449.816,844743488469
672.857,449.939,844743518535
672.529,449.856,844743548890
672.076,449.419,844743578936
671.498,449.349,844743609098
671.25,449.413,844743639444
669.995,449.137,844743669712
668.971,448.295,844743699768
668.084,447.205,844743729911
668.104,446.362,844743760143
668.301,445.735,844743790489
668.105,445.697,844743820545
667.679,445.57,844743850689
667.224,445.753,844743880938
667.113,445.717,844743911284
667.123,445.257,844743941437
667.085,444.991,844743971687
667.079,444.96,844744001733
668.385,444.896,844744032097
669.865,444.654,844744062241
671.305,444.203,844744092491
673.081,444.109,844744122818
674.879,444.155,844744153105
676.764,444.261,844744183248
678.216,444.173,844744213286
679.582,444.376,844744243632
680.992,444.412,844744273679
681.436,444.668,844744304025
681.379,445.379,844744334071
681.091,446.344,844744364224
680.802,446.911,844744394492
680.736,447.141,844744424829
680.84,447.435,844744454964
680.742,447.685,844744485204
680.461,447.939,844744515357
680.136,448.185,844744545413
679.992,448.63,844744575759
680.008,449.264,844744606009
680.115,449.958,844744636064
686.259,450.711,844744666401
723.812,448.274,844744696651
778.792,445.725,844744726901
828.556,443.623,844744757053
864.453,441.263,844744787302
887.222,440.978,844744817666
899.556,440.674,844744847819
900.502,440.59,844744877876
902.014,441.12,844744908222
903.185,442.51,844744938471
903.153,442.632,844744968623
903.356,443.055,844744998988
903.77,442.838,844745029045
904.412,442.782,844745059294
904.63,442.684,844745089447
904.479,443.356,844745119696
904.346,444.306,844745149840
904.702,445.047,844745180186
905.126,445.549,844745210224
905.356,445.995,844745240473
905.55,446.362,844745270625
905.349,446.714,844745300971
905.051,446.804,844745331221
905.089,446.557,844745361374
905.152,446.289,844745391624
905.209,446.068,844745421795
905.431,445.765,844745452044
905.687,445.683,844745482371
905.762,445.316,844745512419
905.784,444.822,844745542493
905.586,444.617,844745572839
905.538,444.499,844745602992
905.727,444.299,844745633144
905.853,444.021,844745663376
905.895,443.555,844745693644
906.235,443.088,844745723797
906.388,442.897,844745754143
906.528,442.575,844745784198
906.261,442.191,844745814448
905.942,441.995,844745844794
905.854,441.812,844745874850
905.973,441.813,844745904984
905.856,441.494,844745935330
901.279,448.131,844745965580
884.931,483.839,844745995944
866.163,528.456,844746026272
851.041,565.105,844746056443
842.304,588.443,844746086798
836.456,602.883,844746116855
830.734,644.442,844746147201
824.844,674.568,844746177431
821.705,692.185,844746207506
821.031,704.543,844746237834
820.896,711.416,844746267889
819.965,714.793,844746298236
820.309,718.388,844746328292
823.373,721.599,844746358638
824.792,723.478,844746388860
823.785,724.667,844746418916
823.169,724.686,844746449271
817.33,725.07,844746479534
784.963,723.546,844746509687
745.618,721.44,844746539840
709.214,718.991,844746569906
679.246,719.122,844746600059
624.259,715.164,844746630220
579.891,711.7,844746660373
550.912,710.847,844746690429
531.267,710.269,844746720582
520.422,709.737,844746750928
512.358,709.57,844746781178
506.314,710.024,844746811330
502.741,710.675,844746841580
488.036,695.388,844746871926
467.984,640.547,844746902042
451.809,593.194,844746932088
441.003,561.041,844746962164
434.594,541.949,844746992403
428.995,529.631,844747022441
428.55,521.148,844747052806
428.096,515.513,844747083133
426.877,511.623,844747113181
427.591,509.437,844747143236
428.696,507.502,844747173582
428.707,507.918,844747203639
428.036,508.231,844747233994
429.044,510.126,844747264243
431.266,515.465,844747294405
437.279,527.486,844747324751
445.373,545.397,844747354817
452.53,562.548,844747385172
457.088,574.868,844747415422
460.342,584.412,844747445565
460.96,591.614,844747475718
462.183,597.157,844747505967
463.701,600.201,844747536313
465.588,602.376,844747566369
467.175,604.175,844747596618
467.8,605.765,844747626771
468.437,606.849,844747656828
469.28,608.2,844747687174
469.756,608.777,844747717442
469.443,605.573,844747747779
469.436,603.639,844747777853
469.213,600.833,844747807909
467.913,596.873,844747838246
466.371,592.879,844747868399
464.845,588.818,844747898639
463.435,585.121,844747928810
461.201,582.209,844747959050
458.167,579.003,844747989396
456.48,576.645,844748019549
456.195,575.202,844748049597
455.823,573.706,844748079845
455.346,572.156,844748110182
454.458,570.885,844748140344
454.46,570.191,844748170585
516.828,567.762,844748200719
672.161,567.038,844748231065
808.741,568.13,844748261337
890.943,568.237,844748291586
936.708,566.883,844748321855
958.681,566.497,844748352104
993.793,570.853,844748382353
1011.42,577.912,844748412603
1022.45,580.621,844748442737
1028.62,583.782,844748473083
1032.39,584.494,844748503350
1034.07,586.493,844748533485
1034.72,587.103,844748563541
1030.38,586.232,844748593878
1007.27,566.282,844748623935
969.561,532.052,844748654088
933.968,498.757,844748684143
906.409,472.372,844748714296
889.663,455.929,844748744467
885.614,446.292,844748774717
888.13,443.447,844748805063
890.844,442.781,844748835119
891.779,442.66,844748865416
891.393,442.685,844748895656
890.535,443.198,844748925809
861.158,443.687,844748956155
815.285,443.154,844748986212
776.08,441.5,844749016365
743.868,440.242,844749046613
721.188,439.964,844749076766
704.879,440.301,844749107016
694.833,439.983,844749137169
687.504,439.067,844749167496
682.438,439.415,844749197745
679.258,439.819,844749227802
677.738,439.957,844749257973
676.209,439.344,844749288126
665.959,443.648,844749318375
619.348,469.834,844749348510
567.518,498.953,844749378663
526.059,524.326,844749409009
496.382,541.764,844749439064
478.205,553.062,844749469410
469.267,558.189,844749499756
463.904,559.941,844749529813
460.622,563.034,844749560062
458.088,565.703,844749590214
455.395,568.52,844749620561
454.126,570.232,844749650810
455.705,570.542,844749680867
457.296,571.305,844749711222
458.737,572.214,844749741357
459.871,572.88,844749771605
460.452,573.698,844749801680
461.235,574.596,844749831833
461.775,575.363,844749862082
461.964,575.769,844749892437
462.163,576.548,844749922572
462.109,577.469,844749952821
462.214,578.322,844749982974
462.253,578.992,844750013242
462.454,580.051,844750043588
462.308,580.763,844750073626
462.431,581.814,844750103778
462.435,582.315,844750134028
462.437,582.306,844750164181
462.842,582.699,844750194527
462.888,584.157,844750224776
462.429,585.411,844750254832
461.676,588.747,844750284985
461.485,592.829,844750315340
461.993,597.284,844750345493
462.429,601.151,844750375743
462.082,604.318,844750405896
460.645,607.031,844750436144
370.333,639.481,844750466192
549.232,524.833,844750617034
611.45,457.011,844750647353
666.683,394.782,844750677441
703.144,356.938,844750707681
727.45,339.36,844750738018
738.647,325.505,844750768267
753.295,233.012,844750798613
764.18,165.863,844750828669
768.263,131.651,844750858822
774.075,117.103,844750889062
777.965,105.787,844750919233
777.868,101.834,844750949386
780.498,98.0113,844750979636
782.968,95.1206,844751009885
782.306,94.3,844751040038
780.836,93.875,844751070384
780.055,92.5042,844751100440
779.735,91.446,844751130689
779.872,91.9111,844751161044
779.712,98.6753,844751191092
782.588,187.515,844751221419
784.728,311.115,844751251765
786.283,393.478,844751282120
788.977,433.162,844751312370
790.393,452.018,844751342716
760.475,457.718,844751372772
733.989,460.628,844751402906
718.951,461.977,844751433243
708.61,464.013,844751463300
703.282,464.084,844751493646
699.023,464.51,844751523701
694.6,465.949,844751554047
691.601,467.282,844751584200
687.89,466.542,844751614431
685.475,467.084,844751644603
682.343,466.965,844751674834
680.79,466.966,844751705005
679.955,466.531,844751735042
679.188,465.907,844751765398
678.324,465.212,844751795473
677.879,464.651,844751825819
677.253,464.286,844751856067
676.714,464.419,844751886211
664.529,460.017,844751916557
626.552,442.971,844751946614
583.674,423.425,844751976757
548.182,404.984,844752006823
526.013,392.337,844752036967
513.688,385.515,844752067280
503.288,386.643,844752097387
497.046,414.268,844752127733
493.531,438.105,844752157973
488.365,461.748,844752188231
486.396,481.289,844752218366
486.12,496.724,844752248739
484.502,508.219,844752278796
482.231,519.235,844752308958
472.798,535.422,844752339208
463.71,547.082,844752369554
458.585,557.094,844752399707
455.258,562.66,844752429937
453.773,567.068,844752460090
453.428,569.695,844752490128
452.319,572.538,844752520474
451.504,574.42,844752550723
450.8,576.183,844752580779
466.188,571.24,844752611125
498.799,555.942,844752641375
545.537,534.198,844752671624
586.869,513.784,844752701768
617.902,498.583,844752732017
638.935,488.917,844752762170
652.878,483.304,844752792419
659.997,480.971,844752822765
662.849,475.871,844752852822
664.699,472.635,844752882974
664.594,470.117,844752913320
664.667,468.704,844752943561
664.651,468.445,844752973616
665.16,468.029,844753003769
666.506,467.65,844753034115
686.097,465.519,844753064190
710.55,461.456,844753094439
731.219,455.907,844753124776
747.863,451.633,844753154842
760.961,449.579,844753185188
797.931,453.413,844753215419
829.05,458.499,844753245765
850.182,461.541,844753275821
865.541,462.43,844753306167
877.172,463.641,844753336214
884.358,465.303,844753366560
891.863,466.418,844753396616
898.854,465.479,844753426796
902.767,464.363,844753457037
902.681,464.959,844753487208
884.787,494.203,844753517458
859.426,538.05,844753547592
838.061,576.614,844753577754
822.369,602.995,844753608003
810.885,621.028,844753638349
804.921,631.188,844753668405
802.081,635.175,844753698770
800.566,636.725,844753729019
799.685,629.598,844753759171
798.999,622.577,844753789403
798.332,619.472,844753819749
798.024,617.591,844753849902
797.922,615.733,844753879958
797.995,613.067,844753910304
798.205,609.939,844753940544
798.623,607.175,844753970601
799.45,604.699,844754000753
793.052,615.28,844754031099
770.218,655.896,844754061445
743.614,707.041,844754091773
723.613,747.449,844754121926
710.839,772.745,844754152174
703.119,788.351,844754182336
697.281,798.761,844754212683
695.03,804.747,844754243028
692.832,807.251,844754273085
691.572,808.266,844754303431
696.17,805.439,844754333488
703.564,799.948,844754363543
707.983,797.267,844754393889
711.173,795.04,844754424235
715.09,791.868,844754454485
719.742,787.927,844754484550
732.418,780.977,844754514693
747.034,771.553,844754544953
758.487,762.278,844754575000
767.322,755.155,844754605355
775.697,750.088,844754635411
781.528,746.796,844754665651
786.246,744.778,844754695997
790.322,742.945,844754726150
792.736,742.422,844754756206
795.538,742.244,844754786552
797.382,741.627,844754816898
797.929,741.736,844754846945
798.391,741.651,844754877241
798.021,741.576,844754907532
797.809,741.618,844754937587
803.347,741.281,844754967722
810.182,740.713,844754997990
816.919,739.98,844755028354
823.355,739.665,844755058401
829.142,739.462,844755088651
827.519,739.63,844755118785
826.149,739.343,844755149149
825.693,738.997,844755179197
825.656,738.314,844755209543
825.239,737.841,844755239870
824.536,737.24,844755269972
823.577,736.486,844755300125
822.706,735.636,844755330374
844.842,705.423,844755360527
941.449,476.73,844755390583
1025.8,284.6,844755420634
1060.88,202.151,844755450682
1078.68,175.778,844755480738
1085.37,162.439,844755510794
1084.81,156.402,844755541044
1083.84,152.999,844755571197
1081.97,152.344,844755601234
1082.25,153.726,844755631571
1083.72,155.887,844755661646
1088.11,161.301,844755691992
1098.9,179.621,844755722241
1111.27,198.573,844755752394
1126.13,221.555,844755782643
1140.72,242.022,844755812989
1151.96,256.128,844755843046
1157.72,265.45,844755873392
1113.1,267.303,844755903544
1055.73,260.144,844755933793
1000.48,254.454,844755964139
953.16,250.285,844755994292
917.375,245.791,844756024638
894.512,242.724,844756054695
881.644,241.137,844756084944
874.158,240.56,844756115097
867.699,240.895,844756145462
825.034,243.059,844756175508
786.69,243.957,844756205854
755.896,245.518,844756236122
736.156,245.882,844756266275
723.687,245.127,844756296542
716.801,245.445,844756326677
713.456,246.436,844756356926
710.797,246.55,844756387273
675.802,254.738,844756417320
633.424,271.595,844756447491
602.845,289.818,844756477644
582.636,303.429,844756507990
569.877,310.206,844756538046
561.118,315.94,844756568392
586.936,314.658,844756598747
603.956,312.983,844756628987
615.507,311.972,844756659043
628.882,310.759,844756689274
643.639,309.364,844756719331
657.936,308.084,844756749484
670.388,306.364,844756779821
680.605,305.683,844756810069
688.302,304.676,844756840222
694.203,303.527,844756870587
698.108,303.566,844756900643
700.721,303.184,844756930717
703.209,302.742,844756961036
705.401,302.515,844756991391
690.665,311.03,844757021438
650.764,348.941,844757051572
599.541,398.113,844757081725
563.408,437.048,844757111887
543.734,460.973,844757142233
530.279,472.842,844757172483
523.155,480.799,844757202636
518.222,486.08,844757232894
514.469,488.694,844757263240
513.365,489.705,844757293393
521.939,492.476,844757323643
530.377,493.306,844757353795
537.418,494.811,844757384141
543.324,496.985,844757414390
557.523,493.349,844757444456
574.307,487.232,844757474706
591.337,480.834,844757504752
607.41,475.655,844757535002
621.212,471.442,844757565127
632.203,468.749,844757595473
640.363,466.312,844757625722
647.412,464.715,844757655972
652.133,462.781,844757686124
654.538,460.099,844757716181
664.617,459.126,844757746546
705.272,461.766,844757776689
758.051,458.781,844757806938
801.305,455.569,844757837302
830.977,452.45,844757867552
850.29,452.047,844757897599
864.711,451.868,844757927770
873.429,452.213,844757958125
877.644,452.92,844757988375
880.449,456.996,844758018518
883.5,458.434,844758048791
886.723,458.924,844758079059
888.826,458.796,844758109203
889.804,458.963,844758139355
882.647,460.994,844758169595
876.255,463.703,844758199720
867.162,467.735,844758230066
855.668,472.271,844758260307
844.376,477.396,844758290460
835.373,481.203,844758320699
829.062,483.786,844758350852
824.553,486.17,844758381148
820.15,488.865,844758411291
816.692,491.509,844758441348
814.19,493.133,844758471639
812.787,494.774,844758501791
811.132,496.707,844758532040
809.85,498.444,844758562193
810.565,500.783,844758592530
810.959,503.24,844758622605
812.132,504.964,844758652854
813.418,505.499,844758682997
813.789,506.499,844758713247
814.567,507.731,844758743593
815.352,508.27,844758773686
816.143,508.914,844758803793
816.76,509.792,844758834042
816.776,510.72,844758864195
816.646,511.656,844758894445
816.451,512.207,844758924781
816.517,513.035,844758954837
816.174,513.713,844758985192
815.019,513.939,844759015336
813.799,513.935,844759045632
812.882,513.93,844759075978
812.399,514.476,844759106025
811.666,514.875,844759136178
810.929,514.849,844759166436
810.267,514.736,844759196589
809.968,514.721,844759226838
809.392,514.505,844759256991
808.975,514.197,844759287240
808.774,514.273,844759317365
808.544,514.069,844759347661
808.334,513.881,844759378007
808.294,513.844,844759408018
808.461,513.544,844759438364
808.488,513.205,844759468410
808.294,512.977,844759498802
807.93,512.89,844759528859
807.913,512.783,844759559205
808.272,512.532,844759589472
808.355,512.455,844759619643
808.189,512.121,844759649893
808.211,511.644,844759680055
808.326,511.767,844759710208
808.666,512.08,844759740283
808.84,512.249,844759770541
808.918,512.09,844759800841
809.247,511.784,844759830934
809.259,511.595,844759861280
809.637,511.584,844759891598
808.981,511.842,844759921645
801.552,514.234,844759952009
788.76,518.189,844759982153
773.592,523.835,844760012228
760.635,529.319,844760042574
749.811,532.962,844760072621
742.404,535.73,844760102861
736.712,538.225,844760133014
721.2,550.694,844760163351
706.546,566.786,844760193549
698.807,579.772,844760223790
693.162,587.373,844760253943
687.862,593.277,844760284289
684.105,597.425,844760314340
681.859,601.854,844760344598
679.865,605.135,844760374926
677.524,607.054,844760404973
677.299,608.9,844760435117
677.095,610.741,844760465385
716.173,644.132,844760495529
767.331,689.083,844760525829
803.342,723.324,844760556096
828.927,747.144,844760586433
844.911,761.755,844760616664
853.132,770.155,844760646931
858.652,775.188,844760677277
870.279,781.352,844760707490
881.355,784.483,844760737634
888.287,787.781,844760767902
892.03,789.709,844760797948
893.58,790.394,844760828294
887.382,782.756,844760858567
884.368,779.451,844760888624
880.863,775.572,844760918767
875.008,770.037,844760949016
869.29,764.601,844760979362
864.608,759.007,844761009506
868.577,749.868,844761039764
872.556,742.188,844761069821
875.789,735.669,844761099974
876.957,731.429,844761130029
880.271,728.323,844761160182
883.031,725.717,844761190432
884.184,723.277,844761220576
885.353,721.73,844761250640
886.347,720.561,844761280986
886.666,718.975,844761311236
887.397,717.842,844761341389
887.679,717.496,844761371703
889.724,717.803,844761402040
892.448,717.928,844761432289
894.403,717.659,844761462626
896.252,717.311,844761492636
899.009,717.109,844761522982
901.173,716.787,844761553029
903.42,716.617,844761583375
905.331,716.179,844761613625
907.078,715.955,844761643777
907.938,716.086,844761674027
907.898,716.787,844761704171
908.006,717.426,844761734323
906.658,718.579,844761764563
905.826,719.587,844761794716
905.216,720.68,844761824772
904.432,722.047,844761854971
903.191,723.588,844761885229
902.21,725.092,844761915575
902.029,726.445,844761945632
901.504,727.493,844761975978
900.199,728.518,844762006131
899.654,729.623,844762036335
899.371,730.217,844762066390
899.037,730.91,844762096782
898.378,731.073,844762127137
897.539,731.26,844762157185
897.103,731.733,844762187240
896.952,732.536,844762217347
896.725,732.889,844762247684
896.631,733.397,844762277980
896.917,733.878,844762308335
897.361,734.585,844762338392
897.438,735.083,844762368728
897.232,735.642,844762398793
896.922,736.096,844762428850
896.364,736.356,844762459196
895.745,736.21,844762489542
895.252,736.33,844762519888
894.636,736.356,844762549952
894.317,736.47,844762580009
893.813,736.803,844762610355
893.335,737.071,844762640462
893.222,737.298,844762670703
893.076,737.709,844762701049
892.876,737.838,844762731095
892.761,737.694,844762761161
863.775,736.51,844762791553
814.838,736.505,844762821660
772.516,738.832,844762852042
743.065,738.386,844762882195
721.704,737.511,844762912541
707.493,737.36,844762942799
697.598,737.725,844762972952
691.201,738.332,844763003202
687.307,739.167,844763033502
688.574,736.195,844763063613
689.664,733.858,844763093766
689.777,733.082,844763124015
689.474,731.982,844763154265
689.979,730.417,844763184409
689.994,729.163,844763214755
689.551,728.606,844763244810
689.879,728.113,844763275110
689.975,727.484,844763305263
689.842,726.581,844763335513
689.563,725.96,844763365666
689.687,725.268,844763395915
689.601,724.554,844763425962
689.346,723.727,844763456308
689.29,723.363,844763486364
689.46,722.78,844763516517
689.398,722.198,844763546863
689.201,721.287,844763577112
693.722,712.257,844763607256
728.904,641.648,844763637358
766.962,560.098,844763667369
791.636,506.847,844763697608
805.987,478.267,844763727665
812.945,462.149,844763757730
827.608,452.203,844763787873
850.524,443.332,844763818123
864.525,437.268,844763848469
877.715,431.946,844763878815
885.14,428.474,844763908872
888.324,426.473,844763939130
888.662,425.347,844763969282
889.767,424.067,844763999628
890.947,424.272,844764029878
891.081,424.853,844764059934
891.332,425.359,844764090087
891.686,425.624,844764120451
891.772,425.386,844764150701
889.329,431.129,844764180854
868.693,510.416,844764211191
841.836,617.717,844764241546
820.398,687.15,844764271901
810.847,726.959,844764302151
805.124,745.16,844764332497
802.929,754.333,844764362843
803.488,760.036,844764392944
802.953,762.224,844764423148
802.566,762.856,844764453402
799.57,763.114,844764483531
782.584,723.281,844764513785
744.273,618.735,844764543842
713.283,529.136,844764573899
694.484,473.393,844764603963
685.154,445.516,844764634116
671.106,433.831,844764664173
652.425,432.794,844764694316
641.237,431.401,844764724469
634.874,431.184,844764754718
632.277,431.213,844764784774
629.651,430.251,844764814927
627.742,429.908,844764845264
627.413,429.421,844764875426
626.849,428.85,844764905676
627.041,428.272,844764935925
630.043,427.383,844764966280
632.1,426.905,844764996337
633.554,426.415,844765026682
634.06,426.227,844765056826
634.429,425.509,844765087075
635.118,425.376,844765117228
636.289,424.805,844765147477
636.788,424.007,844765177768
637.567,423.643,844765207779
638.711,422.975,844765238125
639.242,422.483,844765268171
640.26,421.979,844765298228
641.137,421.389,844765328574
641.191,421.391,844765358832
641.188,421.245,844765388985
641.939,420.894,844765419331
642.361,420.515,844765449378
642.109,420.164,844765479628
642.36,419.84,844765509983
642.857,419.585,844765540136
643.117,419.385,844765570431
643.187,418.706,844765600487
643.226,418.378,844765630824
642.975,418.205,844765660977
642.817,418.173,844765691216
642.672,418.42,844765721273
642.804,418.782,844765751628
643.298,418.883,844765781974
643.516,418.724,844765812031
643.479,419.132,844765842184
643.684,419.366,844765872433
644.526,419.949,844765902788
644.899,420.688,844765932844
645.009,420.59,844765963190
644.472,420.556,844765993237
644.355,420.059,844766023583
644.201,419.476,844766053630
643.61,419.194,844766083976
643.248,419.22,844766114033
645.495,419.158,844766144186
676.288,418.984,844766174434
735.188,420.725,844766204702
790.224,419.932,844766235039
828.889,420.796,844766265076
855.504,420.569,844766295423
873.581,419.862,844766325470
884.058,420.943,844766355834
890.367,422.169,844766386066
895.8,422.524,844766416218
899.013,423.541,844766446565
900.939,424.381,844766476813
901.204,424.71,844766506985
901.639,425.209,844766537041
902.061,425.167,844766567203
902.089,424.648,844766597452
902.021,424.145,844766627798
902.628,423.648,844766657855
903.195,423.356,844766688201
903.091,423.468,844766718450
902.929,423.355,844766748594
903.12,422.974,844766778650
903.703,422.607,844766808995
903.532,422.386,844766839323
903.149,422.035,844766869380
903.019,421.533,844766899735
903.472,421.244,844766929772
903.271,421.264,844766960127
902.68,421.54,844766990184
902.664,421.588,844767020530
902.292,421.611,844767050587
901.915,421.458,844767080933
901.732,421.046,844767110988
900.998,421.109,844767141334
900.103,421.162,844767171680
899.196,421.152,844767201737
898.857,420.695,844767231802
898.49,420.365,844767262148
898.339,420.448,844767292204
897.868,420.925,844767322550
897.884,421.016,844767352800
897.949,420.959,844767382953
897.359,420.783,844767413202
897.703,420.876,844767443354
898.034,421.14,844767473700
898.097,421.366,844767503757
898.753,420.897,844767534103
899.739,420.737,844767564158
900.431,420.661,844767594311
901.192,420.457,844767624552
902.021,420.416,844767654705
902.305,420.507,844767684973
902.728,420.72,844767715222
902.317,420.572,844767745374
901.565,420.524,844767775720
900.634,420.462,844767805873
900.033,420.422,844767836123
899.355,420.147,844767866276
898.639,420.089,844767896516
898.506,419.712,844767926678
898.539,419.888,844767956927
898.53,420.175,844767987273
898.585,420.435,844768017523
898.571,420.569,844768047676
898.599,420.854,844768077732
898.663,420.971,844768107884
898.776,421.249,844768138134
898.998,421.456,844768168268
899.028,421.629,844768198517
898.933,421.684,844768228863
898.883,421.983,844768258920
899.052,422.156,844768289266
899.213,422.709,844768319419
878.53,422.31,844768349475
826.425,419.983,844768379821
770.563,417.468,844768409859
727.465,417.754,844768440204
699.205,417.494,844768470357
682.158,417.8,844768500414
668.458,417.228,844768530797
659.719,415.597,844768561036
650.07,415.696,844768591208
644.943,415.116,844768621457
640.935,416.496,844768651601
636.841,416.626,844768681947
634.553,415.589,844768712215
632.849,415.1,844768742359
632.522,414.361,844768772589
631.61,414.778,844768802742
630.586,415.2,844768832789
630.386,415.209,844768863135
629.511,415.157,844768893500
628.961,414.846,844768923546
629.085,414.619,844768953621
628.809,414.451,844768983958
628.126,414.112,844769014313
627.393,413.683,844769044342
627.294,413.943,844769074707
627.476,414.138,844769104965
626.741,414.049,844769135021
621.806,410.8,844769165183
613.643,405.804,844769195529
603.819,399.351,844769225576
595.523,393.845,844769255632
588.272,389.239,844769285978
582.542,386.782,844769316140
583.569,381.973,844769346477
614.184,367.83,844769376533
651.56,351.592,844769406782
684.886,335.712,844769437023
709.538,323.342,844769467360
726.027,314.547,844769497415
738.677,308.675,844769527780
747.705,303.95,844769557836
753.983,301.873,844769588173
757.312,301.3,844769618537
759.28,294.247,844769648585
761.29,287.594,844769678719
764.215,282.802,844769708959
766.24,280.07,844769739305
766.923,277.511,844769769352
767.127,274.535,844769799408
756.77,264.123,844769829754
732.411,239.301,844769859925
707.755,215.2,844769890405
688.458,195.476,844769920999
676.369,182.439,844769951373
669.496,172.863,844769981181
665.562,167.9,844770011776
663.217,163.519,844770041573
661.737,159.863,844770072168
660.982,158.357,844770102427
659.005,156.096,844770132580
657.544,153.741,844770162829
657.324,153.617,844770192926
685.207,151.782,844770223231
736.795,153.737,844770253030
790.476,158.112,844770283100
835.372,162.685,844770313005
868.081,165.607,844770343599
887.591,168.876,844770373406
901.884,172.773,844770403904
910.053,173.128,844770434002
913.812,172.86,844770464306
916.828,171.931,844770494394
919.303,171.29,844770524796
920.569,170.597,844770554797
922.826,170.73,844770585198
945.189,161.296,844770615006
1009.14,139.714,844770645062
1068.63,117.799,844770675399
1107.95,99.9944,844770705455
1134.33,85.1746,844770735801
1150.65,78.1897,844770766059
1161.12,74.9752,844770796212
1166.11,73.1188,844770826558
1169.09,70.1777,844770856615
1171.31,70.4289,844770886961
1173.59,70.9808,844770917113
1174.96,70.1037,844770947382
1171.86,71.2356,844770977456
1088.67,155.969,844771007783
886.633,393.872,844771038148
777.966,542.306,844771068484
731.376,601.556,844771098849
710.126,627.297,844771129195
701.006,636.311,844771159436
696.407,641.062,844771189588
695.539,643.924,844771219741
695.41,674.614,844771249972
700.889,702.507,844771280308
704.867,718.109,844771310663
706.86,730.188,844771340816
708.171,735.159,844771371057
708.905,737.435,844771401394
709.38,739.35,844771431552
712.117,741.236,844771461626
714.111,744.057,844771491971
718.362,747.901,844771522235
725.492,752.2,844771552383
730.659,755.573,844771582448
734.538,757.829,844771612698
737.925,759.993,844771642961
740.98,761.856,844771673119
742.816,763.53,844771703373
743.552,764.76,844771733627
734.183,761.313,844771763890
718.323,755.595,844771793946
695.595,746.837,844771824089
673.042,738.289,844771854155
655.026,731.976,844771884211
641.043,727.272,844771914547
631.343,723.877,844771944921
625.682,721.438,844771975065
620.335,720.074,844772005333
616.748,718.61,844772035486
614.787,717.134,844772065735
610.474,714.829,844772096082
589.679,699.224,844772126137
569.36,685.177,844772156235
552.366,674.698,844772186291
539.388,665.965,844772216347
529.213,660.639,844772246491
522.936,657.186,844772276722
519.607,654.187,844772306856
517.819,651.918,844772337124
517.323,649.014,844772367415
515.923,648.272,844772397559
514.968,647.847,844772427835
514.425,647.236,844772457988
513.581,646.408,844772488316
512.727,645.35,844772518566
511.284,644.185,844772548640
512.312,638.283,844772578986
512.48,628.497,844772609042
521.666,614.014,844772639213
531.244,602.841,844772669504
538.884,594.551,844772699648
544.558,587.719,844772729714
548.235,581.909,844772760060
550.761,577.75,844772790327
552.521,575.658,844772820470
554.534,573.923,844772850711
556.295,572.879,844772880864
565.433,552.695,844772911112
583.057,519.983,844772941229
596.565,492.567,844772971469
606.67,472.49,844773001719
613.888,459.368,844773031863
617.869,452.408,844773062025
619.019,446.612,844773092264
621.043,441.657,844773122514
623.87,436.622,844773152667
625.953,432.894,844773182915
626.474,429.477,844773213059
626.479,426.709,844773243405
627.426,424.172,844773273480
628.739,421.803,844773303730
629.503,419.632,844773333855
629.773,417.292,844773364104
630.163,416.886,844773394468
630.318,416.559,844773424621
631.221,416.614,844773454853
632.928,416.539,844773485189
634.342,416.458,844773515245
635.582,415.862,844773545425
636.614,415.433,844773575657
637.477,415.332,844773605809
638.189,414.997,844773636059
671.162,414.957,844773666106
728.966,414.905,844773696355
780.192,413.8,844773726701
822.023,413.778,844773757048
847.207,412.395,844773787103
863.269,411.549,844773817256
873.841,409.929,844773847506
882.134,410.108,844773877659
888.914,409.267,844773907908
892.503,410.053,844773938061
894.882,410.307,844773968310
896.695,409.729,844773998463
897.715,410.783,844774028818
898.376,411.727,844774059077
898.323,412.464,844774089441
898.249,412.762,844774119497
898.496,412.718,844774149747
898.781,413.61,844774179899
899.162,413.894,844774210227
899.364,413.553,844774240284
899.664,413.469,844774270437
900.01,413.388,844774300685
900.346,413.201,844774330838
900.287,413.094,844774361079
900.249,413.03,844774391425
900.258,413.068,844774421480
895.981,412.884,844774451826
878.512,411.146,844774481883
855.577,410.061,844774512229
833.82,409.821,844774542304
814.375,410.261,844774572457
775.922,416.37,844774602812
742.686,420.802,844774632946
719.515,424.092,844774663195
703.648,427.223,844774693366
694.861,430.493,844774723616
689.917,432.046,844774753953
704.319,476.365,844774784027
726.815,541.507,844774814373
745.319,590.578,844774844623
756.836,623.367,844774874969
764.923,644.785,844774905237
769.147,657.232,844774935574
769.825,664.66,844774965731
771.798,670.205,844774995883
774.616,674.412,844775026124
776.043,674.68,844775056277
784.085,680.344,844775086448
788.517,685.426,844775116678
791.756,690.109,844775146928
794.229,693.498,844775177228
796.038,695.202,844775207285
798.994,696.466,844775237428
800.753,697.227,844775267677
801.837,695.814,844775298023
805.463,681.8,844775328158
811.887,654.604,844775358205
820.032,624.24,844775388472
827.42,600.301,844775418529
831.466,583.593,844775448681
831.489,570.561,844775479028
831.58,562.858,844775509287
815.723,554.687,844775539439
753.136,542.244,844775569592
695.159,531.951,844775599629
653.092,524.342,844775629782
625.631,518.693,844775660146
607.363,514.308,844775690185
594.464,512.104,844775720231
580.575,513.529,844775750577
557.232,520.114,844775780748
541.547,526.237,844775810998
531.614,530.477,844775841344
524.337,532.356,844775871392
518.032,533.816,844775901544
514.063,535.027,844775931890
511.375,535.853,844775962139
509.521,536.583,844775992196
508.084,537.533,844776022533
507.518,537.832,844776052685
505.779,533.864,844776082916
506.947,517.482,844776113050
509.43,498.386,844776143318
512.233,479.497,844776173540
514.127,463.677,844776203596
515.52,451.78,844776233951
516.245,444.213,844776264008
541.77,405.452,844776294161
587.892,336.059,844776324391
621.03,284.867,844776354659
642.312,256.047,844776384909
655.32,240.271,844776415080
662.608,232.021,844776445233
665.522,226.509,844776475482
667.643,223.689,844776505828
669.77,214.001,844776535885
675.191,205.558,844776566019
679.472,199.503,844776596356
684.53,194.202,844776626604
717.945,182.301,844776656776
747.529,173.646,844776687066
769.528,165.414,844776717114
786.683,160.084,844776747469
798.131,156.56,844776777526
805.357,154.955,844776807774
810.074,154.226,844776837927
814.937,153.967,844776868273
817.402,154.028,844776898330
818.883,153.976,844776928676
820.354,154.187,844776958741
822.077,154.893,844776989087
823.762,155.678,844777019337
824.8,156.246,844777049499
825.716,156.875,844777079757
826.925,157.765,844777109901
827.369,158.36,844777140150
827.611,159.536,844777170207
827.876,160.861,844777200553
827.938,161.624,844777230696
827.903,162.584,844777261051
826.517,174.865,844777291107
824.66,199.691,844777321471
823.159,222.944,844777351519
823.182,242.219,844777381865
824.483,255.521,844777412211
825.525,264.447,844777442267
825.235,269.96,844777472323
823.829,274.762,844777502669
822.945,280.028,844777532822
820.875,282.51,844777563072
820.407,285.494,844777593127
823.158,310.502,844777623473
824.47,333.198,844777653838
825.367,352.245,844777684087
826.083,366.327,844777714319
826.331,375.719,844777744471
825.9,381.306,844777774827
827.016,384.57,844777804891
827.998,386.654,844777835044
828.272,388.133,844777865276
827.89,388.778,844777895428
826.814,388.857,844777925775
826.286,389.357,844777956023
826.367,390.161,844777986176
826.504,391.027,844778016444
825.961,391.42,844778046501
825.818,392.102,844778076847
826.137,393.006,844778106893
825.593,393.035,844778137239
820.863,394.57,844778167296
814.337,395.883,844778197449
808.149,398.003,844778227679
802.435,400.829,844778257823
798.162,402.159,844778287976
794.763,402.53,844778318225
792.0,403.077,844778348378
789.221,404.642,844778378628
786.334,405.098,844778408992
784.54,405.291,844778439241
772.288,412.253,844778469376
758.566,421.435,844778499538
747.383,428.277,844778529778
736.153,433.324,844778560124
729.137,438.46,844778590277
723.209,442.086,844778620333
718.252,444.983,844778650582
711.417,448.395,844778680938
708.409,452.136,844778710994
705.842,455.838,844778741340
703.345,458.224,844778771396
699.937,460.037,844778801742
697.611,462.01,844778832088
696.316,463.025,844778862144
714.913,461.361,844778892171
743.703,459.874,844778922420
775.721,457.467,844778952670
805.425,454.468,844778982727
828.877,451.78,844779013073
845.697,450.062,844779043410
857.67,449.183,844779073562
865.861,448.911,844779103618
871.877,448.973,844779133868
876.343,449.446,844779164020
879.59,449.603,844779194269
881.607,449.622,844779224615
882.944,449.97,844779254865
883.962,450.418,844779285018
884.946,450.926,844779315075
885.793,451.342,844779345227
886.372,451.547,844779375573
886.663,451.588,844779405822
887.119,451.796,844779435975
885.724,453.649,844779466225
884.234,455.754,844779496377
882.972,457.765,844779526626
882.36,459.561,844779556779
882.168,461.741,844779587029
881.9,463.611,844779617086
881.374,465.17,844779647432
880.32,466.18,844779677575
879.21,467.062,844779707824
857.253,466.692,844779737977
823.882,466.514,844779768323
791.188,466.402,844779798379
763.329,465.269,844779828532
742.616,464.029,844779858781
729.422,461.613,844779889136
721.243,460.342,844779919184
715.633,460.991,844779949529
712.025,461.714,844779979779
710.812,462.029,844780009853
708.873,462.728,844780040006
705.393,463.631,844780070370
703.063,464.164,844780100418
702.659,464.875,844780130571
702.361,465.117,844780160917
702.09,464.779,844780191166
701.495,464.559,844780221406
700.705,463.831,844780251559
709.886,478.511,844780281905
730.942,518.511,844780312155
754.266,557.2,844780342404
772.864,586.769,844780372556
783.521,605.77,844780402709
790.3,617.23,844780432959
796.11,624.489,844780463305
800.315,629.103,844780493351
803.008,631.831,844780523504
804.221,633.493,844780553754
849.046,639.359,844780584100
914.725,651.538,844780614350
964.765,661.576,844780644553
998.747,668.697,844780674724
1019.85,673.425,844780704780
1033.69,678.212,844780735126
1043.0,680.208,844780765270
1048.51,680.958,844780795519
1051.28,681.778,844780825672
1052.89,682.623,844780855719
1054.92,683.23,844780885969
1057.02,683.7,844780916324
1058.29,683.874,844780946670
1059.21,684.113,844780976725
1060.28,684.361,844781007071
1058.09,684.036,844781037137
1010.75,678.95,844781067483
853.692,660.907,844781097655
715.439,644.489,844781127789
634.677,635.226,844781157863
593.528,629.508,844781188016
572.249,628.108,844781218187
559.763,628.935,844781248428
554.703,628.395,844781278755
552.467,628.284,844781308812
550.909,628.206,844781339158
548.951,626.175,844781369223
554.079,602.119,844781399559
559.077,580.946,844781429616
561.881,561.931,844781459865
563.313,548.575,844781490027
591.167,527.695,844781520276
627.359,504.688,844781550622
654.762,488.684,844781580679
673.935,478.299,844781610928
684.02,473.295,844781641090
690.642,470.068,844781671436
695.959,468.4,844781701483
699.189,467.028,844781731829
701.679,466.135,844781762069
702.54,464.374,844781792222
701.759,462.502,844781822568
701.084,461.392,844781852624
701.688,460.345,844781882979
701.898,459.805,844781913036
699.63,458.55,844781943083
698.325,456.691,844781973235
696.829,455.528,844782003581
695.905,455.21,844782033831
695.118,455.103,844782064177
693.834,455.169,844782094233
692.471,455.158,844782124579
691.721,455.088,844782154626
691.453,454.814,844782184692
690.721,454.614,844782215038
690.293,454.841,844782245209
691.047,455.011,844782275467
693.428,454.66,844782305638
697.643,454.105,844782335879
703.226,452.91,844782366225
709.941,450.951,844782396465
717.689,448.631,844782426617
723.971,446.335,844782456858
727.627,444.551,844782487195
731.728,443.41,844782517270
735.631,442.681,844782547423
730.042,443.923,844782577662
727.517,444.901,844782607815
726.409,445.516,844782638065
724.131,446.303,844782668217
722.096,447.01,844782698564
719.504,447.848,844782728610
716.731,449.475,844782758938
714.352,451.092,844782789013
711.639,452.572,844782819358
709.61,454.667,844782849608
707.185,455.468,844782879761
705.66,457.334,844782910107
704.309,458.405,844782940135
701.876,459.371,844782970499
699.946,460.621,844783000749
698.764,461.781,844783030884
697.138,462.544,844783061151
695.308,464.003,844783091497
694.849,464.967,844783121572
694.958,466.036,844783151927
694.611,466.888,844783182071
693.768,468.4,844783212426
693.823,469.689,844783242694
693.678,471.481,844783272750
693.218,472.868,844783303105
